09f16c0d9d07303d78dbf4d5794d688f7b466f76;1
00652421528ef345fabd9125b5d4f4aae8d6160c;1
04248652d3945bcb4148af0bc41cb727d5a55bdf;1
1557f21fe3cf44e8eb4d37d9d1c7040317c12cc8;1
18ebd49f89a345114b4257198c3a440700f2e8a5;1
1c009dab44a0218e47d41a94c5a62ae9f731efc5;1
22f7fcde92dc29fd8216340406663c34510e46e8;1
39376899b8f7ae9f587d873ca5a2408273e0e52e;1
3f4e464eb83a171c7705b8b2c260d049f3a5a833;1
40be57bab2fb5a4cf2ca1154be60187a2fa2977b;1
41f1fdbad34ac95bd1b7a75b8c565ad2359ee247;1
47482ea559c18bc5a03fefb58fcc0ff5961a5db3;1
494d1a5de287c58db0bc4a946b72135a587feb81;1
4d95a6d4d27f356357cc28c5d4241ab782463f29;1
54ffbe2404585c7ad7d7326b8d9bf5554084d76e;1
59d71bede7bffc18f44cdf8509cfe2ca5b4e440c;1
5b6c3c0bd5a5e7b0d3d58db7a7b2e03a24574aca;1
5dcfafc90194df12abff43362154b517f14595d8;1
60f66c84b942af1703e2124021677296aa39360b;1
68954b7c8413eb37b16e1f08f7c71030858c1607;1
68d7f11442a666f4db612d920b1febb1fe20980e;1
690fb8c418777f24da37aeb450131663e76c4bae;1
6f21fe63c4fc6c8076439ee56fb89cbd897cab87;1
70fc2e5a79d84092d0e1908d88ca501ebcf20e16;1
712d1dfd36fa874daf35e3ee9800096c507d96e8;1
7447cba688f0da93c7ca2b5aca0055149f9c4fed;1
752776d27d9cd3a99a9680ee020f675818184ba5;1
779dd3ba5941ddbcf056cb877f3848bbeb52eb94;1
77a3ce403c97edefb2fd51e0eb317b47f8464a87;1
77e841baf2919e73466c3530a893190a4632d505;1
781db3c365a863babda9c0895c31de545fa4e576;1
78fe92b953cd66f7a2bfc6963c481022c0e4efed;1
7935d260dcc1fa9e2c2d8a1a83980935f2d67d54;1
793d94b1648c3458fe9c5376d043dc4b21be6f4f;1
7b2f4125c27b0c75bb71540d41943db19324e215;1
7c0e8efead37a6335297db0c795bf378463887bb;1
7dfd0c1174c9b7df0015f8d17026ce8bd62e757b;1
7f94a23b83df918550cf1264fab7f77a4aa6725e;1
7ffb844728fc08bad572b74267bd3cfe02958e1d;1
837b49495f8b4811153f07cbb46bc443a7d331fe;1
848f730f641a55d4627ced641b8d7ea4c0454f2c;1
851619083e5d900100dbf950c925d3f39937dd11;1
86ae6942e4ba36edbdbd5708ee9684b6bbf78e11;1
8715a18411335a4056a91e64dd525f81ef45f9e0;1
8b65e0d0d1394e93447ae402f715d040e234bdd5;1
8ddca1c7d2a76ad9609b080719d7a44c709013d9;1
8e0c8fcefcacc69b7ad3296eebd9d599b1b8d704;1
8ee3f811344412d4c07ed0a7fcb3020f1afa0a37;1
8f5ecafbb6ace8e971ec48a74f2f16a5d9730415;2
921cbb66eba49483ce12d893bb7da8ca8b66b7c1;1
936fe816676c150883b7bbccf4f54507c31ee20c;1
959716f92369b390d42490a57ff47421cbe63fb9;1
9a39b15df2fba953f7d34ad868a4c38d7e2fb598;1
9c5191269c1967f4b1d43d1bbd54e04c0269bb87;2
9cc4de7bd47d1d7379dcb098df48d5ad7cba55d1;1
9d7411649cb6f20dee67a54f50fa14dd59ee49d7;1
9e6544559008100cceea5b6d8f307a4ab3a6d672;1
9eb25a56f8c83275d4aab9f23d11546c73d4bed5;1
9f8e5343550c636cb0e8b739fbf126ec6b6cb964;1
a07049f2d0156d02e1d9e0a89fb5b7b878da61b9;1
a1568bdd5c81e00cf9b76fe5416ff7addba58e81;1
a1ca174fcae2b018f56416c43b22b4de208cb5cc;1
a1fdd1513ce29e2816be7262aee856f180382786;1
a3b471cf7ab735e36dd5996ea11c6118dced3c8b;1
a4aeab781434b40e8463fae398946a29952a3538;1
a518b518a4522f30d253f4d35effeb22e78b4a49;1
a6146888e2557fdb17986e6ff5efb37e686676d6;1
a899a0b602f4609e4e7bbb742ad0cd884f8a019d;1
a8ff9045a000f935e36f98bc8ba6eeac3df3b63a;1
a968c86f3c4b1f8feb9d5fbbd2198c56b99088ff;1
a9e0b7e52fc20fb819883bcc83d761aaeb317f96;1
aa48c6a69ff32848bc0573d600cb979b841d6351;1
ab02a1bd761a516d1a016f70fe5e5540f711c8dc;1
abdb4700cfdd2f655ab79ed856339557e3a144d3;1
ac08cfe76a972b65c27bd2a84eea9755e18a8d0b;1
acb60a8d3f3072addd22fdb8bda91510ad4dadf7;1
ae67f40813564a4adb0c1704b61d0cc684e143ba;2
aeaa9bbea63304f88c05a87205d731c804c26aca;1
aebc4179b631aa0cd7bd4d4c86f19a0366dfb79b;1
b065b3035b8050e72293ce9c3d4b456006ac2b90;1
b0d3f1440f73f6bc6b5e3ea3e0a63bc5988f8da5;1
b214e758ec403384942fda559bd0983a4ad80b4d;1
b40db36818fc14389d6165b99656b576c7c536aa;1
b58186e2179e12314d6bf0361eefd0924799f809;1
b6ad7110f15e399bb1e7587a8da76e34f4ed1df4;1
b6b5b4c45de9e7ef3864db7271374b07ed0bd91a;1
b92cf44907e7b444d8a5e9989eca66ec33c9048d;1
b9412b5e7905bdc3a3aa32b435d90bdaae477325;1
babac1af8904734f0bf7eb72bf36ced487bcf0fa;1
bb831a7a8b0ede89edba6369ee1328056dd98329;1
bc27693926980f88a7cc8da701a0bf0fcfde8a38;1
bd3d520eb28acc9cc1d601991fa8315a865b8206;1
bdd389b2fa4bdb98ea1fc2aee7d6f58b416be7f4;1
bed5b11694236a44ae21e94641cc82319be9ec71;1
bf539a3c1928fb15ad073cd64bd2fb9487956d6c;1
bfa007a68db4799e4c1db114519bc67fdeb009c9;1
bfa8ad03b89861f257c1581d49b5e94d1a2fef59;1
bfe6dbfd5a26229a77a6424bb52f3f818918e379;1
bffd671851ab86e6aed0a22b075b1982bd62f78e;1
c20f659c364f309b2f5f7b19f33f122b24919f60;1
c21a85b9c5be23c4ed8fa97cbe609107fe941881;1
c378a3adef7ffcc66f3894078ddef4ed4407ac73;1
c37f94b51d8a7b65226f44b99dae383d995d0579;1
c401d00ce915e99c588bb3ff8f4c0c066940a12c;1
c51716895d597d687ef7f8b6b7652147834e3993;1
c6109cd04144f923ec36f99f46053beb29044a7d;1
c66707256122697ef4f0f1c8bfd9872a154480df;1
c683503bdb569764c2b1fffdd679571fcdb6ae2a;1
c6987ea25f14f59cc48fca9fff32ad8b0215e14d;1
c6fb30e1c8d8280269fc78490666547fa43f2e1a;1
c70ff370bd70d857870b54643337883a0964f2c2;1
c7929577def2a176b6418578b108f695e87517d3;1
c80eb4e157c8553f5b9d1411d025237e9a10edab;1
c8ebf9be200a95b17b08b20e865ca0543b28d066;1
c981072237f1b309ecab4c70b6d377a33562d352;1
c989c61555b02d7edcb795e144ad636c73169d76;1
c9bf1cc1440131b3e69a7f792e56e9c205c9a341;1
c9ca85b77879cadec6fe010480f09aaed0f537f9;1
c9dbd3f98f25d24aa2e9270bcf628d9ef467f337;1
ca42180d201cd9ccc97a0ddffdd6650c51398ca8;1
ca566592b43d86d30be543c7156b73f37ab9aa14;1
ca5c0e90c416080c0a85eb58e484c14a1ce25cb0;1
cc9e75c039bafb981f91a29c54a1cdc754d6808e;1
cf6d93ba8a302a876b48fff12f36e3125f4901f4;1
cf805edc0eeba3b666fa6655e5c6381183d75d8d;1
d060619bf29c075509172b6a93e25569d17f20a3;1
d0dc369501e08ca54440449bb30716e512193f93;1
d15eb520b43dd107cb47bc976470e1e0fcfb15a8;1
d19cb6bef4d461c4500f1387fac2b9689151998a;1
d206b1fd9ffa7233d788d5863c44e4fe092e559d;1
d256df3365f53937a8db9935b854995f44bd47d2;1
d2b48ae1d1ab63b687d47ac3ba58cc7135381602;1
d2cc1cb2a374a62989978e946d57894e901fe1a8;1
d35fc1d06ede2fb68920f65d7c9c51dbf10d5c3d;1
d383375e2d5b35f14b4a130ca943a954eeab1751;1
d4c58cff4ab2f473acf0a1bdadc1349e9438f011;1
d5672182c28175821290b8ff04053fc472d155fc;1
d5851fd644cebee6a4fb8a2d416c2e8fcbb24408;1
d5e2d53e05c33d0e2fe578174ca01e86da84284c;1
d62c88efc60046f2a8bb9d1dc620167fc002bb9a;1
d6c623ba6f0e0298d14214a2a81763b7465adbd1;1
d6f116fbaf19881f06fcfb0958eec64d317867a4;1
d793fb6a31e09baab7330aa70c453800b54f58a0;1
d7a8bcf7bcb784461fd237f218d32e31b3fb0bd7;1
d84b12bc7ee858863207768103877e613d6ee998;1
d85b278961ef62b631fcb7d71a659a3ae69dcc35;1
d87ed7204084d40d8217fd9d4c7f0aaa30184e83;1
d9a2776610165e66be715dff5234e89d773369ac;1
d9ddafd22c458e11304a18257a0a0b95989ddfb3;1
da41326eac84778f0397de437b9ea02780d67833;1
da74f674a7603da774a486163f4d6599f32bf25e;1
da78199c4e1905d92d5f7f91ea7110a0891899fa;1
da7f06c59c304369ad9cae4da1bfcb2b3a6502be;1
db6e20be8a55f9c997f3f5c8c2f53e7b3970919c;1
db7299f16694e3203a58906ab720609fbac7284a;1
dbb015a14736c3f445f41318ec9c6e181f88a8ad;1
dc82037a81aa963d3a85b242cd2888efe0a2dcc9;1
dc84325568e8b1f553a21a3efbb82fd6088344cb;1
dcf194e55ff778425db8893c00f4d761e5874027;1
dd3452ba60c27ba80c3d7b3bb3784cf2302cbb5e;2
dd3abab28cc5340b4d2c2a97b7c2da25ad31265b;2
dec01feb8f3073eb4f53ae8eb805ba5944bed77c;1
df8836055ee68c4ced6ac2843ba30798a45e9ed4;1
df967b221471aa742fefccef3af69c52495fb566;1
e06f4e2c29dc16741da15c035977347b52f5ecf4;1
e070e60111c83983e253776f4fac0bd53ce01f23;1
e08964e0b249789e16ea5cd4a4022c4067e378ed;1
e0b2b52eef177da4a80e2d0dd61118700c697c4d;1
e0d5a644e3438b62b7e02825de0cb13a28a20fba;1
e1050b0f09266f6273220b1eaa535fd8fc9f61a1;1
e2fd5b2dec49fa2c10d73976432a7adadc6e6b89;1
e32155c93bf176c6ea29ec36fa8a6c8b94b0db84;1
e37745f72e5b26b3b57d4483bbc590c64833104b;1
e3cd52e1979c4176be229217791992c0b55d5dae;1
e4f0365153bee9eda4fc4cbe3745b5e29fa04d44;1
e5506bdb3bee5a6c3e96e20f3e69d7972ee160fc;1
e560f8256748749001868d84d39d52dada74320a;1
e5a628fad1f2ba24ba9a84eab5f3e9305685defc;1
e6c1b3969e1750d30522410e039aa15e74cab66b;1
e77f69942409b3594c4150872e4503b00122b75e;1
e7880d01bfbd6fabcab6e7e5c477b18514b14799;1
e79796bb646aa4f762def2f363e487bf3ea3ef03;1
e7b01ade0f66d5f5c873fa97ffbe148c1bb8c560;1
e7b8f673227b6de07bd813611b9177e717e439ef;1
e7da7a3cd84360e2eb75ee96e2901aff69749b6f;1
e7f40ed784797a403ce5d5d8bd99fb950f514abb;1
e7f7e27396bd76a12e8ee0fceada9681b3f12938;1
e8359d96781ce101fad8bb2604fd3782afe2db19;1
e949d9b2ccff14f71da3c12cdf0d0379c5febbed;1
e9b0281afb5d7bace65e8a6f6663c090e467973e;1
e9bd8ef4907c8470c3aa5b6f9158f92feddd7ced;1
eb0012aeb26f937be0b5e011ec168c164983ad0c;1
eb1719b42546294d216fa10db7237dc3e0f21cd2;1
eb624fd7d0a9304a562b7b229afd992526f59fb8;1
ebd0129c38c2fc7a03043417fca5a01e35002671;1
ebd5cf30f2223fa8e8e866a0c3c2634720a2c1ac;1
ec1167e5ae76b101239522cca0fe06d7f090527f;1
ec9e04a26e99fe1c5430f7be174a8de351a9321c;1
ed61fac543e70b9935fc1409ee6d91484722fda8;1
ed7a68f93c945f472b930bc0fe38a2752cab2bda;1
edb9854738e137767f30bf567a7f8db976aa7157;1
edc256995447e2937610198b021842e77f26a310;1
ee0a742e83541ce77d0e5eadd23a70ec21cb6c11;1
ee963a28499485ee842ecdb0187fdb9637e58fb1;1
eec7016f9974727e87cc3fb3ed5ebda4c9c2ca68;1
ef3bc037919ec038121f7547846a797b4d61231e;1
efcc6b7b054010680eb1bc039e532c233e428c4f;1
f0428495ffbd9a96c45bd64bb42239dd8f775894;1
f093a28d6782ab1a1ebf96c650ae238c2717e4f0;1
f0b7739e37303377d0d2262e0efb65aefca1b85c;1
f1840105721a52eab9dc0bbeecee91866342c83d;1
f19af1bec0186e93f7d2ebdc84103aa028c7c6d8;1
f1dd609e6d630f3b429248f7d92d68922521c42b;1
f20a41fe67d1af1ed594d25edbf5b27c807e2c34;1
f230c2fd6f968eb8c96934c8d09ac07b341599ce;1
f30d4fee911d4c03201d848a9235644df0f33f4b;1
f3bcd5d042f1285017fd918ee2af0cd4b88b4dc1;1
f3eb2aa9d3742952de28b5a9b3a0addd4d83895a;1
f46f676cbc316a660ab0144f2537831dd6d65bfd;1
f49c4c57318b3dc38e614f9a184777a81037a3c3;1
f4bdb2aa2ba935bf88cb5a751da905a7fbdab000;1
f5174585d72706ec5ed436cf6b1047d0f7b730ae;1
f519563ef684dd0ae63cdb43bdea9d7e8ad45f22;1
f58b3f12031886a1a7a0e4d0a191bdf862dee81b;1
f590ae71d2281e56541d77ef3cbcef4e8506e67b;1
f5dcaaccc8461c89dff861317a96964e74e96a44;1
f6b30039a14f37855ab3cf912343230f41580338;1
f6b84acbb4520a89f66883cf97f53b9b8fce2f4f;1
f6d7676f50aa084877b55c5792c933660940ddf2;1
f72fa3c6e7a2d300d60f7e62339926628cbdb198;1
f746ac3385a9e9e037ba2b78d67981c253be685e;1
f75a93e269cadb6f118b1de16dd2dfba8ac8eb7c;3
f77944700da98da22164f28d97f6a6433cb603be;1
f7fcc8032edea7999313101d4d1753fa7f498c51;1
f85e62dd4fbad4b2806a0bf2e9fce8762b2ae26a;1
f872e7a934a50f891629bcfaa990f85cdbd1017b;2
f8e4b519d1953d681fc23a7c8d54384d9e5bb89d;1
f8e5ac9128ce5e2d7df12788a9a2809119a59876;1
fa04d8ee4fe5f88bf6b12d510e3c9c155e8040f6;1
fa7aef34194998e6589adb369c4a56986fd691e5;1
fa82a9a838c60d72f248c87406f3320bda0225ed;1
fab2c0b6987b4dfa7c4aef84b828275c271773d6;2
fac129b78f8187b80492230304e4fc9993cf3753;1
fad9a0ba61d33acc0aa315b9e9db777ab079ed52;1
faf89c3b178a36f17f266171d743790fc6269863;2
fb56f4be7e186721c4f8c3d58e0665f6ca2f5262;1
fbbed6523b2ac2fcbcefc16751329f46cf34bc8c;1
fbe3b0c4cf2f8586f2fcde5966da89ab8e6425d0;1
fc3818ed7eb8053efb438a6c42c293ad8f7a278c;1
fc47e2c0d0d39224628cd9aa9f3f2cf28e7082c6;1
fc6944299abc78382bac5bbf8e4131ca3de90c45;1
fc8aad9c2b9c437fd5e6ad5aacd263d1ae529917;1
fcbb6ceb1146a8ac46665c903a107d157638fefa;1
fcc4e7cb15b0d5d94d2a2a780ee85b60ef3ef5ec;1
fd235a572f54cdd61e9eedd1918cb702cdbd787e;1
fd6325ae2f1add7ddb2399430de22664ea138826;1
fd97582ade6fdb9361944234ee66503f454a666a;1
fe016ba4bd6574e2a1314bef146ef136e5e8d61c;1
fe5c0b2dbfdc3cfadcdeff45d2cece11fb7cb2d3;1
fe651a2b7b1eab1db8ec167a9d93832b1a398348;1
fefa9a180356612380db84ef909e9418cb9c57e0;1
ff3d7b9d38f735d4752624e28bce9f30cd4f0bd2;1
ff9b26c1fa017448e87cc493d959f3aacb3362f3;1
ffccc4e8fef86913a6066d9cf010414e997a96c2;1
10488b279d7ac2b6db365ddc08856e24e136427c;1
10ca01a29196b10e0abc304915d787549e5e2401;1
168a957e67e6dd8dbebfa19f4b7733cc666e5bd0;1
1dfdf6fc89755432238fcfa29534aa8c52e64130;1
22ffb2243851008619d069dd77d5e9d80019290d;1
25e4ca86d1ea7ea2c27d769d08cb90773bb929b8;1
291911a5bc50a590491e9002e506f1edafd4384f;1
32c2dafd7a97496b2da6ad9da9b60444164ff270;1
32ff3818289ad8e499b3643b54abdc24ceed4229;1
379da2f484c087a43a2f60823bfc5e7b044984b8;1
37b019ce8a00f987a92a604813a0658ce60011c9;1
38339a89666ad609f7ec71d55e5b4576fd75f9a7;1
38dad263d8d1d8a4d6b915391d32895d9e31ffc5;1
3a827140f25e9fb3666489a26063cc55201a075e;1
3f85cb146d30ea071b805e9922c505bedcda3411;1
3faee5de1c53dded0b063087afd223fdca9b04fd;1
42f01439257c6b692ff5a79c9e0b69b9699606bd;1
4aa5b36a2da1cd0ac0b0c3e17cd5741e54ecc4e6;1
4db8acd21568c46076dcafd01bd443f2b7dd8552;1
50b8d1b8766a2e75dd163755fd25ffe5f6093433;1
5a46a61e37b7663507c8005207837a8d85dee895;1
61696b13ac2a6654c6cffd6d0cc16164ac3f638c;1
6f4185fbcd20d530463adb442864c499250f5001;1
70b801d81bd3db339c5468f441b9689d58745740;1
71c65a737873a25d62288c45cf60fa69a8e951c9;1
71ed4c1d7dba1f498e662b481ef7e8752c85ff9c;2
73067877a40659ca6fc8479bc54924e3a501f36e;1
7ac98239db72d68ee65d7266f8746e1048d62f2c;1
850ff2b0266d176671842df5573951a77c42f607;1
879beb86b76d24395e856993eb006de79c29de07;1
897f992983b3270af9968845f9281e50177e4185;1
8ba9770a5ae06a1d880d9264e8407f75818afc5c;1
8bf405ac81f2f3bb62aafc29236948cd5b7a3366;1
95781788b8f395f2e490faabb66513647191448c;1
9c8cc11f98b76492286e3d555cb12b514b05d5bc;1
a082474dc3e67b01580fb85d30c540fe2c604ad0;1
a0a8929c516993e83f3d0aaff14293e7a023e29e;1
a56d0b0746b5ac19dec129c009f331b41355ec65;1
a95fe7d19ce093c383e769dcf63d858c5d91df0e;1
a986fbda1e294580473e630d9e10d4665d95cfd1;1
a9e52b6af6455809edce46ff0f51429e891add32;1
ab44a7a53fa0c570f5a193171778a8061399daa0;1
ac1a3f11130bcd138bbf1d547b75ae9fc4fa00b8;1
ac587f2b514d913c4d21ef277d2c607e47125c9f;1
acc7d50fbeb1929db8a94d1ce9fc7acc1c750cf5;1
b5872b508bba1c98699ea181d82688b03cad4538;1
b5ce1737362a21833f96ced94d5c22d75e67f0b1;1
b83f195ef9ac4845876b8e4e6e30d5e2d19d6387;1
b845aebe7b4a354cbdf6f901f20ac0a0b34153cd;1
b9529a0f46e5b4f724dd84ab8d7ad3b239d42156;1
bd9aac4f38b8637e35f9ebd3422d8762345dc567;1
beef4a1917173b2888fe20362f689ccc97a4332e;1
c3489bf0a15e77b74f437b52138c63b66b0176cc;1
c7c77b69fcfff4f3f4992f77b47ccebdd699567b;1
c96b405faf88f888151c4149e11315d9c2bf52b5;1
ca9ea0e2fde3fddc95ae9a037d29ad8fa749abfa;1
cbe32033b606fcece129f155afe9f18eac405c0d;1
ccf27eedc250edc8784b57dc7b97a311701aa382;1
cdf04cb4cc4595c955f4e34f3d899a6e57f7827a;1
d0997f86b25675ecfcaf58836d7e7633e8339759;1
d0ff61bfdeb2fb8d067c5de5cb0d71f52d295205;1
d1fe104587bcf0b0952a87049a7f2c5c93d7cbbc;1
d237760f2382d3599ca3865378f918ba51bb78c0;1
d2ef3648758381eadc52d2330c7989a66f983a23;1
d32c96bcf934833f2f80cffd53239bfa870e79c8;1
d4a8608891a4d9b9fa527e68e12a0f3d72739406;1
d63e59f6b50ec6d401b327fe6b8fbd3d3ace3c4e;1
d73fd0706f390d88f649fc08f14a2cd0f728e6eb;1
d992bc94dde5d1dda7580e8f6813dc3b4c979e62;1
dc0cf5618ada172c9681a80a38ccd6568d5716ae;1
de64275fb7ac39cf622080a4186ea3e3465bfa76;2
ded65a310046453197183874107378f2c847f2e0;1
e005972184208b81d925bb8ff0b094bd48538aa7;1
e0aeddca5cb733d18d62a927c10d2138ed674c9d;1
e2586500796d7db8129919bf66c603aa026cdb7d;1
e424d51856c2a56b0d01e05c32fba1c922560d8d;1
e4442244218bcf3f7296d71576400bf3949daedd;1
e45135a9bd58fbe6a2f1a424e500d18c53623600;1
e468c189a01205ccda264fc7506e8282e7157031;1
e4ff755807ee030e56858ca0a6cbb65ef3d2bd34;1
e68a6005fd6bb7746127b61b2443e6b3939df000;1
e8c05cfba4df357c62c13386db088165131b899e;1
ea0e48d14dabad31fa2dcb19cfb0744815059743;1
ee2d23a7bff23da9ad7c1e90a4f94a7309fe6fe9;1
ef804def586764f213b239daa7f5aec316f4f4ca;1
f13ad5ede5ed8c39537eb98826297cfaf88f52f7;1
f25e6aff84d8db50ed5f71b9fa86739c157a4390;1
f3992230fb9b0bcaaf101685e7c95e095235a27a;1
f415f99f5262ebdb7138c149bf3dfb801ed072ce;1
f679aeeffcdcc5dd6cf6d154792030a3452f1ff1;1
f97e511419999c624f56a2d498e1f0741709104f;1
f985c38834e8f12f6af96d94a70cdb2acaedf22c;1
f9edb80f6e66c19d6a5495025e4515078e8bccca;1
fa738259e11e3a8a1b53cdea1924cf325331a4c6;1
fa88cc12810126f8039095bffc6db5edd9d6ecf8;1
fbc975ce9467906d8c552cb04f4545de86557ccc;1
fc963baad2d066977b6752e2145f3d2123c1e384;1
fda8e7e1470f61183fc182eedc38674e89c4e3bb;1
fdbdb1e97c2489d842b70b24c58d2c5462a0df90;1
fe4e3b8a5f10b18951917254794e05a965cca26d;1
fed52fed1266cc2292e16fa98c7b6aa92b17e52b;1
ff070230bc9692e39a586b1b422b77a571b8452a;1
0077f7b0e2cdd0270473900a26254eeb2e41a138;1
00ec52fe3745129a93256212561a2647503a89a6;1
011535f4e9ce302253f74d0d5e69cefa6193b023;1
01c725917483c3dc67d73a68aac0d3fdc13e2537;1
02c91b3142245ec28f84c3da2a448041d63a6caa;1
02cd414d6f29684f53d4bb75c11c7de4efc396a1;1
03a26beaa8dabe4b5f6806493de369e814a6a15d;1
044cbeb4e1a169cd32a6193b4e4eb5ce66fc2ad7;1
04d1695f6bf7dd687951b07683fd94eeaf94706b;1
055219f69ed37ee49e03ec52015064e3745f8aab;1
05fd9f445bb742fe5273aa2008c72df54b40da90;1
0719298bf76e6472e818b669952e84dfc970a899;1
071f7c121cdbbc3e77c319b447ff4103199fb3b6;1
0736e099a800100cdc7d57d899c951569d967b6b;1
086fd0478e0299c3c15b957044f13ae3cb2fb6be;1
08b517f754db0f30ec128cc95c137b5c0c8cb007;1
0a0226040b817bdbc947d79d97c6b8ec82e592ed;1
0a032f8544c6f0d164835b4407856b95b2156abc;1
0aa9d0b5108de8abcef6783cf893671fa67c58e9;1
0d6a4f1d9b9ac490797b01cc90aac4253fab9c6e;1
0dac46f645c72217c2a283c1ac6e37fc93b5efef;2
0df1858915758c141be21c52aada3b0aad141c4d;1
0e3e58558acd990d63b74154517330c6c8422dbe;1
0e61d578c29f2dc4e665af34bc701632328a3454;1
0ed96820d265027e7b8049850f9cb1cf99ee6d86;1
0fcef755d267302ed9faa8efcd1bdea5bdd7ee69;1
11121d8480f14c2c4557deb64ad7771476f9d76e;2
119d8f286f1da4b4ed7624abe8728870aa3b203a;1
123f1e2d0d00a89f26a3135ec8c73fb5f1574522;1
14c714d9793baa0e660ffc8b32238c90ee253e80;1
165706302e1edd7377ef0f407a70f6b67d25747b;1
168203cef188de8fd9923665ce7f3aa720e35cc1;1
16affa6a8992e8c4ea3f7d206151f09fcacb8c4a;1
16c6cf283060bf0d06e8c8bf6c63b60032bd753f;1
170c1a54e123476e78ff4dfd5d6b560cd9b95d96;1
172d1b4fad27b8717ebe8a4855d70d7b929c3736;1
173ab41e82441d3972861f57fb91aed57e8e452c;1
19adb2a94afccedc6ce1449fc556bf459491a0c9;1
1ab0feb49b0686483bbac857565961897e13d8c0;1
1acd0632cf787bba5b012b03df50a9bc435eba82;1
1e0bb38d361dd6da1685bbc94ab03d8f80abe0ed;1
1f5b925b2a527af680bd9cb1e3c037f2e60a7835;1
211f4b062ac9780d0d2efa94f70130d2ea9f720f;1
2138a28f9cb57d7b8a3b4c257992399d3747ecc7;1
218da3333ca3c5dde7848eb08f19b5677ab63dcf;1
21c9115b1a32f6f89c79fb25b4ee7fff45f174de;1
225cea408bdec9be961edc9214b3dbbdf5ec7550;1
2263b157e09cfe7e81bca15a0df6720748cefb93;1
22c6bbb39a1624452840c6a993212a126f9d06f5;1
22f57e767ec70c698d599e7c075a1516fc7754b8;1
2410ba30d3a570e4054cd18727bf7e4d7d6fb230;1
24a6e7e5aa11d6bef74df1801f3a04ac6315a3b2;1
24b4237974115a18bd5f84b5e23f85c45b7be88a;1
24c919505d9d3314470a19e7d19993c3f94e8dea;1
24cecc6a6d171a4f33dfcb1bef472dc7689fece6;1
24d6e53c578d14487e56c41389b07b6294a54e55;2
2504c6a55b8e18345c0f7c480b0238d804cf4fb3;2
25397b31b5de2257289f82c53d4c32494a94ecff;1
25c9724db08a3599422be360edf51d8287833b27;1
25e0fd62e0d5ad42840b33813bda6421e16a7a6f;1
26255701bb46ddcad7dcbf745a836ba059f87236;1
2717311ec5ddd28c3365a4f2c6978cf14866e1e1;1
2765d384728d18a6e0b24070a43646719492d250;1
27e7a858ade33e005ab8da6b49db5ae7064efe5a;1
27f81d0762874496e8eedb43295608c915228027;1
28935aba47ca4dcf10a4aa6bc5230c99bf11bdc4;1
29244e97b827551e5c0a7b52dcacce52a1a17467;1
296abb20f02e0d9f1c4b08de4326ddcfc262c546;1
29f73638e72ed657bb07e29e4aaf712d5c14c46c;1
2aca8e4d71fb507c0ebda99ba298f14bc84680cf;1
2b3fa76c302262456d34b87aff98ae5e7ef7d146;1
2bc4723b948f17895f0da894b6f7ab04d7749900;1
2bd7ede53aa7396abd3495ae7cc01832e031b157;1
2bd94423d6bd90a58cbb7ed23f948bb3657898dc;1
2be856c844161d21b6c54552a9e91500647468a3;1
2c857181988dd1550bece4fad450bb684ae85175;1
2d19cf3ecd39e122d3009ddc2dff86b7a1eb522b;1
2db8e11247bbf6109bd6a333d8e4f349bd9ddd01;1
2df8970d1732d442ccc1c7680644439f7ca63992;1
2eb54bb22e7751f3e3714245bfeac618085e72e3;1
2ee7c39132d568a1ed758bf7bc7366e1859c020a;1
2f04ce50293b4a15f6a98e1f28e41a75a6b783e0;1
2fcdc2f3df2734d56e757641f4737196124f2c59;1
31b06309275a8b1742b94cdd016f95c4348e7e31;1
31cdff80edb43779a37df1e2071905b19fe9e3df;1
31e27d6895b0636043a9675807ecfa145a0b071d;1
32e50c910eb74075d11a3b18aed10c16457e445e;1
336323cd729c739058b4fe5df1b5b0b23d76fa6e;1
33d0b7ff50f55f844cdb1c34fa0a57f56492f7b6;1
33d1c02167a2812b8274cf6a0d7e46968c63b1ac;1
342ca492804e1dd8fa914221d84e60fadbd79ea8;1
345d357fcf0009b694eff26e48b0b34a5c411e13;1
347a9c1899e6e9330db0c01c2920cfd9e97d584c;1
37564f1a3280b0a5db907ebffd79ec0d5f6b38ad;1
37d1dae79d9c26e854f7dc6c17752ea9f02b4d65;1
3847d8260ef0c0ed75783945d1c5c6dd5874aa76;1
388629d7256815bb7d9d3abca0174951142e75fe;1
391bac897b8587bc09d4d2e6ca23d4111bd19277;1
396816e6aad11a0980c748408b039da3c1a243fa;1
397cc970460db00a4259ccff2345cc57fa6a73d1;1
39e5fb61b27be394016fff5897c9005f05bbf315;1
3a98a7e5a1f00c2bcec7033f719a931f40af3682;1
3b7c86eef35d5d31b4eabee6d8ab0930905f4d90;1
3c08c03e5606b695d12ffb284052c22770329e2b;1
3c8b32d50626a09c5d08697a37ff90f17dacc360;1
3cd73a9b190c5c466cd670b95e4a7d00d8571f83;1
3cf4a2a6d669dea0e064e82b55e98c38bc8bdcc0;1
3dba058a4d5cd6c896ba9429b99183d68547fb96;1
3e3209dd597f240d6f0f880263e79604db5bef02;1
3e39489d00eccf5e1b8d71651b836460b044449c;1
3e93475ae8a6caa434bf8de21d60558645c0d587;1
3ead577c8e98eaf05567f107573dce1a6d8694cc;1
40619977485d3f73138e72998e34f5ec6f20747d;1
406c2602ef6ba7a913c51bbdbcc5b1e2380d2a38;1
40d2d61db34880098ab9571d541cb137c90e3423;1
40d6131491a4d9f7111622a1e2e55b8206e30b3a;1
40e5ac10827a1ea4cea9814ec8b88bc033a65fd4;1
4167f478e277ec2c3c5b97d88c1edecab5d4dcb9;1
421d1e003b0fd80a83bf5a568c7336167d8b1a5c;1
42b2d2e1d0816ff9869ce38d86bea6c104926d28;1
42de6ba34b723e428ec1218f259fbe394cba8412;1
42e8b21e4644529c80cd34b1f12db83ea26d5a1d;1
43bca19e8589a2c7ee097d819db9fa4e0a10ca7a;1
445324d2f9a191876282491552e308af93022d27;1
44532d65041100c6125bd53d3fc0fa0e139d402c;1
453a16effb634bd4aa133d90932186fb26871b35;1
457296d433a5fa5c85a06e0a968d55d744561c8b;1
45735ea5098019238253a6d9148dee58bab6fefb;1
4574017142a268c83ca9a9117511029bc8b72b81;1
4717410963fa9e6fc4fce4c7c87854c88f82b78c;1
4721e54a0e7d8cbb0ed8b955e2d6d933071f5bd8;1
47a6e9be718397e5d6c8e8d7b0845fe8476b45e9;1
481877cb7c42a3cb3367bfef4530999af3d130f9;1
48189b2451cfe3db96fc90002003c8c3e7d5948e;1
4837db80c208626c3a454f5e4a2170441bade672;1
49f587f50fc56da2e4c769073c1c6f432cba145a;1
4a7a9db6f6d5ea83d56091c13d31fd6b0f07bcea;2
4ae9b0f9e10541cf08f7846cecb88da6ab75a644;1
4b1dcbed25361ef30489cccd2fe6e0a70554fd28;1
4b4fec40eebfdd7dc0e87f1bc172db88cebcf5ef;1
4c98c35bb6610197646b4b54dee5a55ec0e45919;1
4cb5840c63c0975212148629e9dedaac52af55ee;1
4ead8f6a98f5d667937d2a5e3cda67a213a07e8c;1
4efa766b0057352b75a5718dafab39069d9f4ab0;1
4f6e76308f233c544b857f905344c6d530305991;1
500fbafcd1ee19b1138553fa9fc21bf12ee18e74;1
52068c32121e6898fc911486c55b149524090b9e;1
52c18f29eb504bef9cb10bd7b82691a98737a092;1
52f9d657fc55ecbe3708a903d065eabf1816c751;1
530a50ef9dc0499f4011d19f0ca1b9deb4e375ab;1
532e67b12ffef5c84b7659e1a58fbf6dc2d46811;1
535d6d3a86c13046dd66420b93c28acee051b5b9;1
5413590fcb014cd43dd8806d5ef4f3c004e24053;1
541ade1ad0488f55d79033d81f96149103a1f42f;1
549e7b18cd420b54d02bf962d143f8754a1fad76;1
54c8260d3eb3c13ad495e0c2f0b8622c5c8fb19f;1
54fe423537a6994c3a2a3542c19165d064b9fd5e;1
557a3f663b646efa2ab7a5f0960e8929ca7256c6;1
55e9b718ef3af020db6af4ad1a6b324eeca174f7;1
56059460bc3299b304448a7c5c69f72b415c6fe6;1
58476dcdf758edd7878fac217e6ddb07cf8f9545;1
593d283cb59f0ab1ec12c9ab704c41d69c81161a;1
59e53a55d2f31c20ebf82ef56baa9b40b26b1b0e;2
5a148b250a0fa4fefe7ec59bf44490ce79ceafb0;1
5bbd411c056a8a2afcdb652352cf49c2d2223d87;1
5bcb966832c0a9fa1c446643527849040181381e;1
5c1910a20b05c116b32a4076a383bd841edb81cd;1
5c255b91dd9c1493243dd363e2640256377eed05;1
5ccd733da306868dce580baacf9c43cf06b97390;1
5d0aed25c421ec19fffd51f8594677b01b04e51b;1
5d1648d84b783797665b6b2966391cebec615e97;1
5d8f3904d947af1b8410380ba16f1b9d409c11fd;1
5dbcc25056417f8bd7973567e39fbca7fa498418;1
5eaf6d4bc1cb965a254750b6153d7490ccc63ee4;1
5eafb65237cda355b893120ba4cab06269b891cd;1
5edae9c3d85b275b7a82adf687a87bd4a7bb348e;1
5f3bbfa80ac1cbafdbfc544fa5ed534ab8cdaa3f;1
5f432c6090628fb61129b18af0d730ac127c65da;1
5f5d6609867fab9ea090f7d45f0f34e26e202ba2;1
5f8835cca04068ea848372c365393eac632c61b0;1
5fb69b51e4184e06cf3edf74e63d643c36c1fbc0;1
6046616491ce1340396a721cd5fd3e43797dd859;1
628a15def799280b16acaab6ed0d3d0bb6388340;1
634bc409215194619077cd10340bc0207fd20ecc;1
6403af5eb52046d31b8192f1eb8fbea4acae0367;3
64874ecb5b92dbb130c1c5f07f2b2291b3e61035;1
64b3756c99b9b70b5c936ebd8a747cd95c0b10f2;1
64ecf72590768618985310bc304f4c71fa83915d;1
65f4a6063ee5335198406a8615e879e7ab2cd72f;2
672bfd494746e66208ddaa0c11dfa0ff194ab97a;1
6797279704130e16c4307409064e82658ce8ef63;1
67a8f68ecdf38c185ce1b8349ec48b362001dd95;1
67d4c8c310d4467dbe40974d7d21c61e4c146a09;1
687a6778040ece581839e1fcec6976df62572db5;1
69847c14ec693d91f41dd39ef6fc12397d1f2a82;1
69b73650f9c11b54be4debb4e50397ad806049d3;1
6ac2751be1ef752cbd87fd66e599480494c26bfe;1
6ad09386c4b2df57b6050b80f58b45b895dc55e1;1
6c4c7f325e85a9c671e62be8277e61cd2be145f1;1
6d38102851f78f2c2b7c15f536bde5068fbf00df;1
6d5e43adc9d6a20d087a12b2592026e4ec68c161;1
6d6674093e69f17dfe7d078498f8e2636cd24361;1
6f2c5293b0a184c13932e7d5eb8085ca1331e280;1
6f448ec7f0f7572be9596848296cd59da69bb6d7;1
72d39a609747ad2ea75ce9d50bdb283a03338c8a;1
72ee521aa0f35f8133e42ee4c0c0578041de7a6d;1
7352cf50ba93b8ff7666d08328a80ffd3e35d656;1
7374d1d5d1e7f742e83c9101abbad87d5d4f1ca5;1
73b599717fc24637a0fae9157098bbcc5dcfd442;1
763e8ba4167a54d6c7cf64ad3f82f1d2ae1e5668;1
7775793f765fe5f086eec9a3e6bf259e7e416520;1
78be03c7b726163f7cfc9a95d48995d0b44beae5;1
795afe0428bb6273e38d6ea373598d219ade60ef;1
79b1f468a34e9a687d5396bcb3e65c0994dd7e57;1
79c34e502e05d1ffee499b0790fea0979e6fcc61;1
7b2a5b7f35808a173bce0aed4727aaa653ff45b1;1
7bbf4163f062bd95b8f0fc4deabe5bfa563c3f1e;1
7bc2800442c07a5b8e04aac9430a64f78d70bb84;1
7c3a85de9cd272c23cdc4c22b2c30a95817fd303;1
7c4a60aab9c22c79f6e0a307c35b080c227de67d;1
7cddeca9a6b0aec6c507ac073b9f0f68b1680382;1
7d25617509e07336d2679815e963c7a564aea748;1
7ed3d3d72bad90ee93b295a28f397df57fca7721;1
7f424ae2d1035e44b61565f3521de61d88b624b9;1
8087f3950f973200ee87501760f59d0ba155e27e;1
80d25d6fcb5f251d5d861919bd555cbd6510fa66;1
8111ebd55df73f68a9ddcdafe9b0e8d00e757374;1
81d0f6eab11d80e8955712f7c24858d0b11d5727;1
822aa9450a41608d5bc9d716a417fe59c963fbb1;1
832da76f2b5e13f2dca6b3ecf6eddcc6e6145d08;1
8333698a37274afa5bc59db80360da1e2671cfb5;1
851ac6d4e2dcaf2846deb763bb82ecda2725e78e;1
852d6bef049d0c48fb78b4144d5638748a758c4e;1
8588122ff26b0696f02568c0cb8c049ffedbf2bf;1
858e159026b652b2017ae3e3535afb8d8c101a2b;1
85926ba1c3cf5cc2805c8c0032bd60519df5a265;1
85fe20eaa378dfb065aa5c78e7eaf77ee3a31f21;1
8629159353a200c8a8e961b66857e6ab999e79bc;1
87412cd63c829ed00e7abc13af25dce4c289f2d5;2
88231e8c9ef839d201dc5c52b5981d6cb3ff8da7;1
884208051e7d1e77f4635218260c09bdde6582d4;1
88a2859e4f809ad4d9c3f55022f4957ff6fab7bf;1
88b679920fbc52abcf74eb8df1424fceaa392d21;1
88c33c4be514b71e84e18be12c232c99be2fd0bf;1
89d88fb4605a90c9d92ba85e88ad13bc056977d5;1
89dc40724170e1dff8b7cf5954844bce21637794;2
89fded8ffbad8673048ff52292fd662c44f9778f;1
8a0d3b5e688ae93fc37f5c1aaebe4e2f9b8a35b4;1
8b106b37f017a56f080afe224fdd637855c5d9fb;1
8b62f01d528a34171ee806819ca2f5e98feb4edc;1
8d8d005e2a3c221dc6d383f77a955cf0531e0b23;1
8f02b976e7ddc9923b7d7c7ac1aa2b65e5417b9f;1
8fac8ab52762a8676496d7524713050628a11fb8;1
90658030c2d78f50af5cc2f95542fbcfe5c6a113;2
909358ef2010afc62067f44c23510b277924b329;1
912610cd0f2d263dfd4f0c8856fc1cc6f7be2dde;1
91548c8388fa650079ca4f4806f1650b86fa482f;1
91e6491f04dc66c5353fbd81f4d0fef02f86dc15;1
92328629f22f3ac6e379405f036c6e551fef4f0e;1
923edd83b9e365e3af4cc27fbe7a6c084cb2d392;1
924f2217796973ed12e1a4fbdb28434264c19bb6;1
930bd4675b8b75e278f1a458d843d92ef24e2a1a;1
939700b8720cb73aec880065b4325881420bfbe5;1
9417ccbf0dc6c352fe299215cdd13f07fd76f743;1
942ca8e3f0e198247c9e30c27f6c80d7def20c77;1
9451aaa81a82d1256710dc6d4dfa72d68d8c915e;1
954e9142ac8d04bef995985b875546449745faa4;1
9595b55458a73117e6124a41c26cfdd808093f3c;1
97243dcc84934234efcac98376c28d981f2543a2;1
97a482cd82d35bea5a64c1fa1483926d6274338c;1
994ddc782685fbe0ef88c5e34fa25cf9ef2d61a0;1
99753a118bec7c1005b693dd158085aeb8bc54ba;1
9c3d3fcb70b8dc6cde13827077e45faf6431131e;1
9ca2548fa83a12f9e8237e6e4a8d46d4c9c8e208;1
9d311c68f8c17e00353735c9913382a833a5040e;1
9e786e63866c3021d05bc7a7db335a28a9a3e323;1
9fdd8bd20f024cca643224f976c857be78a37d77;1
a036e2a652dd590a7c56c15bd5aa9157915c0c51;1
a0633340d2def5065639224285240d13b31ab400;1
a06477dfd8b999f196a89d93c319d148c4aa0821;1
a15b4f6bfad59e12d1401b7e98257aac2f9d5d0c;1
a24897f68124c5bd23c057ab2c160925c22043d5;1
a2729d6e518a08faa036f3b2091750944806551d;1
a27e5510c904c803206b4916f73e9349aab74795;1
a28e3c1da350a79a2ac8764d6654739ae445975f;1
a31fe57058e6a3818618be8fb4cde0d4244e2c29;1
a3cbd6cb176caf9a0b34763a36c9fde80ec78e62;1
a3d457ed18862efe80c017a78789ea409f0bb0ef;1
a41ba543dd2c7218aab5cc957cfef1d6b27e4656;1
a44c163252fb31285df490c9e5b3f6333bb20803;1
a56d68a707d3c7d91e8201c401777618ecbd9dab;1
a63c6a52c42653494f0efd457e544b2d7a536ea2;1
a69b98b2ed5e4057df90044b51f1d21d72b08a7f;1
a6a835fb8760fac8a0363548710808b844951c0d;1
a6eb013da559e50a2bbee8565e0d26d667b7b47d;1
a718788082cb6359e103f9231bf0423e55b59e94;1
a725baccbbbde426512edb0bf80b727f66cd39d6;1
a7fe6cf4c5278afc1bae9be6889b669a91a74823;1
a86f682b7670adc7ff1e0ea25ea631efbd260eaf;1
a9aacd0c743037b982735eddb38267da0482d9e0;1
a9c7b29d4a8ba76803310759bc476c55112703cf;1
a9d62e24830974f9e2a99a56b8448be723ebe5ee;1
ab49dcada6b20146b0403f1e9ac3967067844bbb;1
ab6e6b79e7201e0e7debb3e70ac0de61b838d893;1
ab8a316251edff09d0832744e73107958eceaefb;1
ab989e61192770c0ad58e7bfba7feff48e96d91e;1
ac8f798f494fe60a892f1d7239dcbcc3c556561b;1
acb4949205ffd47559929080a960c6f083d700b5;1
ad68158c437f28e6b2029c1ddb4e7d412722ecb6;1
ad90e3ee1574cb7cf35da83a77e3b2179fc4bdf7;1
add926be18562722ab664c8012735968aee33279;1
ae0a229a380da481a28795b5b25714bc41903550;1
ae3a5ed2f95ce9a2d472daff2ecb8db3079cc00c;1
af247e5dc3fa64e69fac705ba2719cf3172729d1;1
b053e5d8658c8f3fa9407666d4042397facf7321;1
b061631a8cac4bcd18c76db5d6a23941258beac4;1
b0c3601fd7911ed1619d4da08e53ebd164633f96;1
b175c5ccfc7b3dfb06b38d602e7b63f986a4ff87;2
b18dd094838e6b822abf3782a94e4428bd5b5627;1
b1c07d958496777fcff6a596a2e9123fb64b1787;1
b1e20fb54b97ce8c8bdb50d6c4f6eae87e44368e;1
b26ab595e052a3bf8e0561ae0721c7461a21eafa;1
b273cf51d95612970f24e2bfbb0f69491c067ebb;3
b2a3225083464998715337e390c1aff62bd7f5bd;1
b33d31dcd899394c6d193130ea4ae095ebcdc356;1
b3cfcd1f6e6c594ecb02f7b713507f294f367000;1
b3d81ff7f64371aee7a1396041d19810c434219e;1
b55f6b8186bc511a10e66afd9adade4a20e96284;1
b5aed5e26c8bf3c7cfb35aad703ca8f88fd23181;1
b6c90ae626cfd1f93b3443113248b1666249bbe3;1
b6e1ddeccbffbdaa5eb1119024dd757e0aaa248c;1
b7738466d57da8904fa451a0ab64f670fcd861d7;1
b77a88764747da66f3df64f0b313d1690f8d3686;1
b7ebc37e58cf83be268421d45e84ce08aca6c332;1
b81c41d8d62cccc75df0a5ea995c8544337326d5;1
b8e89aa14173c54a15d8a1bc69ce7d11efbccbf7;1
b8ee65e0d031e13f3f220001544478302b988bff;1
b92597a12f1a4e3a38e5fd13ca6047f72c4df2a3;1
b9b8a19d33cee0125056863ea6b769092e3e269f;1
b9d3ad0ad519e841a457a442745771b796eb7975;1
b9e162b546b34be036994e1bf8b941c67bc090ac;1
bbb226cc687f094360eb423eb2fb0e3891962f7e;1
bc63057f0bbe5da5456f49d79a71d6eccc3678aa;2
bd6f68e5958f11077b8cd040279ab41c897a55e7;1
bdf19d8905c99599b69d3cf40b8edd7d1462086b;1
befd3d363641a82d71d3ce15c2b2e98ec55ba79a;1
bf31291c7b69e49915a20ea44e37551d4faa5ab1;1
bf6f9ae1fd8a48147c57edaa1419942490df2678;1
bf82837ed6c650f88a1f0c26239a9e69f0173ed6;1
bfd262c3890c4692eec512f11ea1902c72f9a4ed;1
bffda70aa8e59a9aba5400c39482c53fce6ee8c8;1
c09c573f4b97ea924f42776a051abbb130d93c46;1
c0fe2aeafef0b117f4b1774aed27ad83914100b2;1
c23c461b9fb28e8a09d9d58662db39a94e25a752;1
c2907dcd259748019aefb9e5528caffc1f7fce57;1
c2d6320cac65f1c7beb609e5346aa249b8c1c837;1
c3043f150bf15059b6ec75320bc12ed0d127f9df;1
c3209b27795703ea9e178d6e8fb964e4cc0d9292;1
c3918d8668bfb3751dc01284877a2b5fcd187cf2;2
c3a10bd5895547a89bf9a843df87dbce2220158f;1
c4828d32a2bf643b785e6894a578e0395ebe8df3;1
c4ad9d572fa42e4cc7311cc11aa1a2d11fe2fecb;1
c51c1ca6320a0dbaa8e8307ef7e98259cffd8329;1
c6306ce80ce46015abdfba07dfb3a90471a2f8dd;1
c6cc05d480840b7554d33c60727387baac8ac325;1
c7b3dfa9f9ec1121a361131d78d19a7c160c4548;1
c7e7e1c69378e2e0814a9bf20741cae845dc0b32;1
c8f01a6317a576f6cf6ec19aa5d838c4570d467e;1
c9242420eee31ad0063ea5bd4dcbf365592ddfee;1
c9bac9b7134f5fe4dfdea1d9148fa6698c879d5c;1
cc1e9391afe041d83f7afc2f6c66f24028ca577c;1
cc64fe418db1c6a57d18651a695df0c69abf57b2;2
cc80263b67e747aceb0a090248ca6de72b5ca4bb;1
cc870a76b20223243e572f9ac94143ee2370af71;1
cc9edb839543523b00cdf75ae865791da20bdae0;1
ce117187f7b402fc9b6d1df4d57c336ee88001b0;1
cecda3fded2d6a05f7682f91d239ec8b98acbac9;1
ceead94f30a55c262ea948829b6bbc3fef211f54;1
cfdb6fced59f0219b50ae090df49bdbbf029d311;1
d18f1651fbbc60c7d86e862e7cb5342f48877a69;1
d384ff4d56855bd583fc935dfd504987aef6cbb6;1
d3ca389076e7411025e2753051b6982309787343;1
d48d959ad0c5d87eaefafeffdb327005f959ed9a;1
d4e1189cf17df0c57f18b70ea0a2a0735f5205df;1
d6894719cb9027b48cb2d422f1a79cc14f605c55;1
d71d80f7049e374cdca8ead5cca90c7b20b1f92d;1
d733d86047aa88f4b5e8898f0d63901866c465ce;1
d7d3347a55821ec8647cd9c5164692145bd41ed4;1
d7f615af9de5b6458a903017a98688a2f9c64d7d;1
d98e76a4ff02d1d1a88247805b5f5ea6af4c1fd3;2
d9f5ed68d5e4332667959becd9daa58e1f863587;1
dab2872198f4fa46290cbd99af4e1179a1525bae;1
dd1e6ea49f86ad86886a266f6516c9eda62b6294;1
dd285c7fbb0e7572f64f22c0321bef3974224629;1
de1d7ea8f03f94b5002a729400b968f8c09c1765;1
ded7917e8463c569850eb27c6dc8ce59e4504168;1
df453ba7075f93ac076d88eaa29f94757c905813;1
df7a3e8b96d819cf9f8ca93f1ff8066cf1583f83;2
dfab72f76c0d1bab493aa51810f3ca9e0bf29c34;1
dff6ed498046c1724c354bcfac45529aa9bc7d8b;1
dffb59cb079d8274287891510c00dd35d61d36b7;1
e01093a40a077838356614381f60d08c25fbe3dc;1
e0a1b4edd0cccb95ebe639f3c6bc1c1777eb7875;1
e1300b7681eda9a35583163c542468062fb3b250;1
e186d7f1aad654a1f529ef73c6d4cd0ae7783366;1
e201c4859bb28b54e2bc7a34165b8d90a4083008;1
e21b764e998478d807692c243b7aa38184cfb0a6;1
e387a911ee77cbe16cec09f1a7751e1d2968e873;1
e3f78d7bf3957973edffcebb829dd62cbb663982;1
e404a10c5e256a4cc941055c41f49f47257f9db3;1
e4072a6560d8cd8a1f262fa7936dc73a2b05c9e3;1
e4ebe6995648f38de89d1b06e2e394c2193234c8;1
e5ab2ef4e6d6057e9641ef63f30c1d91d1dd533e;1
e5efc82943b6dc9b1bc3b2277f8f11a42fd6faa1;1
e789eb1fb0446f3d67642905bae5f69f1304878f;2
e856eee265c6b2dc0682119aff633a18f7eefad4;1
e888fc7c3b18f9743a559e71e59e72f1288958ef;1
e946561d10d3c1ffa53806cb7fce6772a862b5c1;1
e94f8519fd63405e81ac50fb3833e32398666643;1
e9e47f84cc1df00abbe697eeea8cbb0bbd591daa;1
ea1287ce41b39a20c6946cfdd0be17ff66942dcd;1
ea290d5a17c2451d1d44891314cd5f30be9248ef;1
ea43cf8545284cd018b83af81531aeda776a449e;1
ec87d1a06def2eb31e2dcb7d3d1fbd69aae6c7bb;1
ec9acb9957b16d5c5dc030858b00c6b40b137950;1
ed20246ce274a3e44e4c61f0f6ce3117953dcf87;1
ee932b538b3ec799a2e97b52de144109bc2ef042;1
ee97353e4b1ae45ca1ffc5fe72826c04216114e5;1
eebf2afa096dd5a48539a8a0da60f03b9e62a100;1
ef8e67359e1f29c069a537261e7314a21b0f7431;1
efe870dcbef8e576ae1f3acfeaa08adae6f720d2;1
f0a6e622f7afd7f14017e3cc47f2f03b27042eec;1
f0e9189d667dea8b3c69d3fa20d246d7de43ccc0;1
f0f3347473ff463b9d1af4df7664de4941a21f23;1
f1129adfcea3e5c5b6175307001ed6825c975d0b;1
f151bcf8eda30393839df78e0e7215b3c1b96e3d;1
f177eb8ffcbabe0b593bd5324526f7fe9214c763;1
f1b28f46e0cd2c7124568785be0ca4abf7970edc;1
f1f6b7908524d1b83d99b57321d1af61d3f17514;1
f28e665323c7bce11174b9152761c89b88f87519;1
f2a347cecbde97675a201257b36b87b8f42a146c;1
f3222d21571c980742010b8b2513c344673f18a8;1
f3264d15affacb06d74c403557d5a3946416e80d;1
f351f41f9024ae3935f2455e8073c9651b122afb;1
f355a3eced01a00d749577441747c590d4c7731e;1
f486ed6bdc293736aa4dff88578032f880b5f7ca;1
f4a552f4ac8f315c8949f066b779f42b21640b35;1
f4a9cabe943950831f9ff2a044c8ec5c849e6c29;1
f5211c97e301a301001f49c2010acc6dc26b7e8e;1
f5d8aa3c202d5a57ef0eaa0c2a26f44bebabf0ec;1
f6512a1429e3fce671c5809afdea074463c10307;1
f683fc29423e5b880cb3df4fd2b61d0bc0707620;1
f6be1db30d1381a5747cf928a70cbe8625e41b62;1
f7d9071ba8213574d8964cd42d3f669e7a86afd9;1
f823868abe4989dac6760fdb638275abb8e67721;1
f95ca212282d6f9ec6f7b980ea219da87e713051;1
fa5962f44a87c45f9b349f7d654ce8e3efdb1cf0;1
faffeffc33cfbcfacdd03dd2e62faa5ffb89ed53;1
fb4bd6825869055eef4b85472b33fc3b816d2aa7;2
fc910f6b541af84a667b5f1cac1608aefe6251e6;1
fcac2084829245d26b43303d5974cff5ac8c3418;2
fcd14d5b832b59e90e51d33b21dd556a57fd5707;1
fce132f66a647ca45cf2d462df65bcd0390c1f0d;1
fdb4d85f1a0b7197378618d32d004225d819a3ca;1
fde220a5a2ef35ccd59b50bb874dae5a4fc6a55f;1
fe5e7de04e83146020e2a67fa70ca31cd0c6c2fa;1
ff61dec9ec17cd5d13e657f2cad5a4a0114c3d7c;1
ff71fa1a6a2e646daddfcc07e028b869788fbc17;1
ffc0d1b7bf39e90cde211224c90fe14a300830a6;1