00652421528ef345fabd9125b5d4f4aae8d6160c;x;x;x;d;d;r;r;r;c;c;c;
00ff00b0b7fdac5ccd95f1b6158449b119cca010;x;x;x;x;x;x;x;d;x;x;x;
015762e83e91c99fb594ad5626b1d312bf368c49;d;d;d;d;d;x;x;x;x;x;x;
01861f9f76cf5dc9d3fc733656e1281015c20b27;d;d;x;x;x;x;x;x;x;x;x;
01e242963e9e9597f24226d137dd84a9dc02ae1d;x;x;x;x;x;x;d;d;d;d;d;
01e6ad54f8adefbe7bb01b155584dc8887d4c20b;x;x;x;x;d;d;d;d;d;d;d;
025aa30112888f342ea1eaeacfd1ca5a73eba471;x;x;x;x;d;d;x;x;x;x;x;
02ed5cab43d3c891b455a7af255596c180076c18;d;d;d;d;d;d;d;d;d;x;x;
0338edd6d9d5bc4fa1f65a42829752f53a28c772;x;x;x;x;x;x;x;x;d;d;d;
033b5561dbfe92a277138aba16e72fe4257cc2a3;d;d;d;d;d;x;x;d;x;x;x;
03fb9f229bbfc870ef38d75933206d413a557829;x;x;x;x;x;x;x;x;d;d;d;
04248652d3945bcb4148af0bc41cb727d5a55bdf;x;x;x;x;x;x;x;x;c;c;c;
044487d37ee6919527c65ff7266baa8411979ea1;x;x;x;d;d;d;d;d;d;d;d;
0467c7157b35ce63a771428a4f67a146fbe5e933;x;x;x;x;x;d;d;d;x;d;d;
04f69a38b8290d67052dc28cfc3487fc929de891;x;x;x;x;x;d;x;x;x;x;x;
050e2016076c3e1f5042bb7e24fcc63b0b689afd;x;x;x;x;x;x;d;d;d;d;d;
0516b6388af41ba4503b12948fdf68763de44b1d;x;x;x;x;x;x;d;d;d;d;x;
0538f77df6c637a44d89e2d89d453c236430b605;x;x;x;x;d;d;d;d;d;d;d;
0545de5afd77c72aeb7c6eac8529f57f2363b98d;x;x;x;x;x;x;d;d;d;x;x;
055ad9345a9415e6b23ffd049a7b78813fa010df;d;d;x;x;x;x;x;x;x;x;x;
0571ce1ebf1d4b346ea4441980054cd6e38a5e8e;x;x;x;x;x;d;d;d;d;d;d;
057e19734cee93b6df4b462e18a8c7f6b35b42da;x;x;x;x;x;x;x;x;d;x;x;
05b9a469b26fc1fe4a210b48b88b0b2bf89dea6e;d;d;d;x;x;x;x;x;x;x;x;
05c72f826e079726f563729032c3a184f0078384;x;d;x;x;x;x;x;x;x;x;x;
0619f286e575520a10f90ee13684924c45c1144b;x;x;x;x;x;d;d;d;x;x;x;
061a0eb28e59a744dd8ad9229666e52884a9abc8;x;x;x;x;x;d;d;x;x;x;x;
0643cad2713c4eb18f236407981fd63e4f4078e6;x;x;x;d;d;d;d;d;d;d;d;
07058a878ae24782e56bf4dc8c709c84a381b79a;x;x;x;x;x;x;x;x;r;r;r;
07baacac573b8ef515028512f7bd14f037458300;x;x;x;x;x;d;d;d;d;d;d;
07bc99b358f3725dfb443e06277413dd30fd6ef5;x;x;x;x;x;d;d;d;x;x;x;
07cd5c5b48c63349b621f4b30f4c1e17c2ad144d;x;x;x;x;x;x;x;d;d;d;x;
08a23a04c1777d8524fdc82786b4794775d5204e;x;x;x;x;x;x;x;d;d;d;d;
08bda1b106e984fcceb7051088de36541e9bd4e1;x;x;x;x;d;d;d;d;d;d;d;
08e316a852680654f31973808f9843426fcbe49d;x;x;x;x;x;x;x;d;d;d;x;
0902cbabbfff7a48e65ad1fb8c45b3fdfe93c83c;x;x;x;d;d;d;d;x;x;x;x;
0ae1ac96335f8882b708c7f6a67cd8715dc03caa;d;d;d;d;d;d;d;d;d;d;d;
0af18c326a5c8d233a85d972c08ab9f3d11c3dbd;x;x;x;x;x;d;d;d;d;x;x;
0af963cd612fa7bdc7a669bdc1c48c15175cb9e7;x;x;x;d;d;d;d;d;d;d;d;
0b0b41a4f3ed8e4dddff19278914927046bd6d74;x;x;x;x;d;d;d;x;x;d;d;
0b95130158f342421461805298b408a805732835;x;x;x;x;x;x;d;d;d;d;d;
0baaafaa92572ef834044c6f9e144d7e7dc086e7;x;x;x;d;x;x;x;x;x;x;x;
0be8bb185b0ad3c51824f740074cd0dc39abbb71;x;x;x;x;x;d;d;d;d;x;x;
0bfa2b371f3db98c2c3cbabf13ad5aeab4203dfc;x;x;x;x;x;x;d;d;d;x;x;
0c03b1a3e1f0a3f9ee5b0b8c31b11e378fa994d6;x;x;x;d;x;x;x;x;x;x;x;
0c175cf7d271564ebc424dc20299b4787f9a5f69;x;x;x;x;d;d;d;d;d;x;d;
0c1f1991cb56732c28935d7ed2ac6d431c444e1b;x;x;x;x;x;x;x;r;r;r;r;
0c3643565c94bad1bcd854e0d2ec0dc2dd52ad28;x;x;x;x;x;x;x;x;d;d;d;
0c4291d0086dc8395f92fb6206503d5386b4e3c9;x;x;x;x;x;x;x;d;d;x;d;
0cff37cd086ac49c3acf58b9feb9362b39b43439;x;x;x;x;x;x;x;d;x;x;x;
0cff8b8eab9707b7599803ff2032922724cfe99a;x;x;x;x;x;x;x;x;d;d;d;
0d553ab099b448cffb30063c72da29aaf925e361;x;x;x;d;d;d;x;d;x;x;x;
0d57962dda95627ebfa248991ff29d9ca72240fa;x;x;x;x;d;d;d;d;d;d;d;
0d8e5657cbb8c3c6daea6df1fb76bf9c73766d8e;x;x;x;x;d;d;x;x;x;x;x;
0dbd8cd15c97025d84512b138abb94a9d8bb18e5;x;x;x;x;x;x;x;d;d;d;d;
0dcc667dc48416576806f19efc7de19c048da014;x;x;x;x;d;d;d;d;d;d;d;
0e0ba86847aab84701fb8e29f6190d0f7741910a;x;x;x;d;d;d;d;x;x;x;x;
0e20553ef869c3027be292f926ade2ed3c8b3239;x;x;x;x;x;d;d;d;d;x;x;
0e4d38606cc8fc20ae13dc9324388de986fc48fb;x;x;d;d;x;x;x;x;x;x;x;
0ee4b95baf69f1fbe601c05fdb64ff6c9fcecd02;x;x;x;d;d;d;d;x;d;d;d;
0f4cb134a149fcd6c87318166730bc0ed2e25c4a;x;x;x;d;d;x;x;x;x;x;x;
0f705bb38bbade75fd133bde58685acd7b44fd00;x;x;x;x;x;d;d;x;x;x;x;
0fad400548f5ad639a9867a8fa44cd408ddfadea;x;x;x;x;d;d;d;d;d;x;x;
100f872d9bea13c12daa5dddb44bf5cc12fbe143;x;x;x;x;x;x;d;d;d;x;x;
10217815f5361b86ecfeffb3f2179cf37e4737dc;x;x;x;x;x;x;x;x;d;x;d;
10244e558da29a48ed1ee45771e8bc7994f9fb9e;x;x;x;x;d;d;d;d;d;d;d;
114d6f06cae6c5604d380702d7280531bc809e66;x;x;x;x;x;d;d;d;x;x;x;
116ba7c00e8822c875242c0a9f91938b60a6f955;x;x;x;x;d;d;x;x;x;x;x;
118baa95e0e63a01dd563d8b695a56c7cba6f514;x;d;d;d;d;x;x;d;x;d;x;
1200f67dc0dd5a3cc37ad3d1334e41eae1330524;x;x;x;x;x;x;d;d;d;d;d;
1212404f0eb53f74bdf10d04132e958d7b7669eb;x;x;x;x;x;d;d;d;d;d;d;
124f1910485549ca834f523252d6cc617b85af6d;x;x;x;x;x;x;x;d;x;x;x;
12b5330661cb2e5aa3e2956006f6d284625bf42c;x;x;x;x;x;x;d;d;d;d;d;
12c7f676126c5e323da2979ca291710699fb8650;x;d;x;d;x;d;x;x;x;x;d;
12d4382ae6472edc059796f365aebeb12db123e2;d;d;d;d;d;x;d;d;d;d;x;
133cc1076fc164a5bd7400b7307d4ee1146f62cb;x;x;x;d;x;x;x;x;x;x;x;
1380e9bd4fd1c8baa2b49e02535e46b0ad329c38;x;x;x;x;x;x;x;d;d;d;d;
1381ae1fa943d11d5f0d6254a2f544c81513f50b;x;x;x;x;d;x;x;x;x;x;x;
1396a6ee9e8c5a22e0d72f89155210f7f2855b90;x;x;x;x;d;d;d;d;d;x;x;
13ea88aef4b10785ba8160b7941301e394e633c2;x;x;x;x;x;x;x;d;d;x;x;
13f7ba6cdd33f63e43ae0cd94af4eced8e4f7d1b;x;x;x;x;x;d;d;d;d;x;d;
141b210c10a7db99c8e64676f4f513deece075bd;x;x;x;x;x;x;d;d;d;d;d;
14a11c49f6e7306c383d299d5a1317c29daf816c;x;x;x;x;x;d;d;d;d;d;d;
14fbbd75738c381a76dd36c47f6a4a6087ed72fc;x;x;x;x;x;x;x;x;d;d;d;
1557f21fe3cf44e8eb4d37d9d1c7040317c12cc8;x;x;x;x;x;x;d;c;c;c;c;
15d6d90c555253e14f23203a9e4e19a17a753588;x;x;x;x;x;x;d;d;x;x;x;
1627a7969bde87bcaea506028795e6b165208c8a;x;x;x;x;d;d;d;d;d;d;d;
162e9581a156c5a2ab28d8efa1e7ead4afbd6142;x;x;x;x;x;d;d;d;d;d;d;
16a1c3c6ba3c5c518856c13accbc23d8250bceb4;x;x;x;x;x;x;d;d;d;d;d;
16e904581d39c68a0b8994d560d2cdf193d7f2fc;x;x;d;d;d;d;d;d;x;x;x;
16ea9787daa8222db8b062b90d48446a06754a75;x;x;x;x;x;d;d;d;d;d;d;
170c2690438092a19fc95c9df98ebd4a1e01cecd;x;x;x;d;d;d;x;x;x;x;x;
17111602ffa71e3d19bbc908fdad67fa129e18a2;x;x;x;x;x;d;d;d;d;x;x;
1863ba66218fed22eab107d29147fb2b1014d402;x;x;x;x;x;x;x;x;d;d;d;
18a23bcb6c30dc21c28ae905d25169eb0438cc90;x;x;x;x;x;x;x;x;d;d;d;
18e0098b7c0b0a0a3c01291c927c9cfae4e974aa;x;x;x;x;x;x;d;d;d;d;d;
18e1a435d65340462ce9de444567ae199b2cbedd;x;x;x;x;x;x;d;d;x;x;d;
18ebd49f89a345114b4257198c3a440700f2e8a5;x;x;x;x;x;r;c;c;c;c;c;
18f07a1093519566e24b08d16e4ec7933f577b19;x;x;x;d;x;x;x;x;x;x;x;
19534c2ce4b63ff032c79933f9c039b8ca2a0803;x;x;x;x;x;d;d;d;d;d;d;
196406ef8ceb5369e0eb1efe92422e0c5fcfff17;x;x;x;d;x;x;x;x;x;x;x;
19ccbb2e8871e9f3bc1bff516f2a425f872239f0;x;x;x;d;d;x;x;x;x;x;x;
19d1ac2b2603da0f2c94eb497db45079993e7def;x;x;x;x;x;d;d;d;d;d;d;
1b32428c412d5d64f4ae79e3c19bcf3e546c7e3d;d;d;x;d;d;d;d;d;x;x;x;
1b6696c2f632e9ca5374a7d3c8cc472ee617027c;d;d;d;d;x;x;d;x;x;x;x;
1b7fe1111d245a9011f331706ab9fe256d8f0790;x;x;x;x;x;d;d;x;x;x;x;
1b95a33c9042ea6bcee96877b4c2c08aa42e5311;x;x;x;x;x;x;x;d;d;d;x;
1bb7e7a8d489b29a77cc23fb3e706cd890697999;x;x;x;x;d;d;d;d;d;d;d;
1bc90224e257b9dfb43c046609b9cf3d145d137b;x;d;x;x;x;x;x;x;x;x;x;
1bf7a2f89242c3d51e0fcdb99d90d5f922f6affe;x;d;d;x;x;x;x;x;x;x;x;
1bfaa4148046fe9ee57a8d539d9c8a38f9f7e6cf;x;x;x;x;x;x;x;x;d;d;d;
1c009dab44a0218e47d41a94c5a62ae9f731efc5;x;x;x;x;x;x;x;r;r;c;c;
1c051e186b0f3b2fd2955c91b270523fe20d03e4;x;x;x;x;x;x;d;d;d;d;d;
1c50366d37767deea4ab91904639bffcfbc1eafe;x;x;x;x;x;x;x;d;x;x;x;
1c674033b2d4932ce9b27745f81f83558907427b;x;x;x;x;x;x;x;x;d;x;x;
1c7d9d04322da6213caf969c5782d18c51cb17c0;x;x;x;x;x;d;x;d;d;d;d;
1ce5215c53b2d6aadf444dafc03c8c90f75c72c9;x;x;x;x;x;x;x;d;d;d;x;
1d1dedeac1895d602b6017cdc33ce4480e74424d;x;x;x;x;d;d;x;d;d;d;d;
1e14f364641b1c2a012e6d92df7d81bdc74b91c1;x;x;x;x;x;d;d;d;d;d;d;
1e76474f894ef444432c22cd227555f430a5b1c8;d;x;x;x;x;x;x;x;x;x;x;
1ee327e8794ccdc8d8248c57d6ae3455d3941399;x;x;x;x;x;d;d;x;x;x;x;
1f002c3ad64bc0f792c12893872f7c1a4616f7fb;x;x;x;x;x;x;d;d;x;x;x;
1f0ff73801a3e6253a2e46ed778a33ae67015afd;x;x;x;x;x;d;x;x;x;x;x;
1f18cbc4f0d493c47cee1cd257fd84462bac2fa6;x;x;x;x;x;x;d;d;d;d;d;
1f3d9bc985a8d9f14b2d2e66ecb564e13c761b62;x;x;x;x;d;d;d;d;d;x;x;
1f70199375c0400a5524c786ba8cdbefb339fb71;x;x;x;x;x;d;d;d;x;x;x;
1f929a853baeec1b982eac6adc7612634e80c243;x;x;d;x;x;x;x;x;x;x;x;
1faff4d1dcf083400d80bbbaff4af4b7ebb06259;x;x;x;x;x;d;x;d;d;d;d;
1fb258fdf688330ef547c5b9ff682d34c90b7d8c;x;x;x;x;x;x;x;d;x;x;x;
1fbdb171ae22ac389ff9a7794d6eced6d8deb3c9;x;x;x;x;x;x;x;d;x;d;x;
201654337893a629dc35b94b1f799d2aa4ac6d55;x;x;x;x;x;d;x;x;x;x;x;
2050eaab69af84d69e0c4216987ce3c22e696fc4;x;d;d;d;d;d;d;d;d;d;d;
2063594fd182d53268c7221a1771da76035e79a3;x;d;d;d;d;d;d;d;x;d;d;
2064a36355e9d0b805564cc4e12b5502efa962e6;x;x;x;x;x;d;d;d;x;x;d;
209af28f61d2cf450c73b36343c81a39b71645a4;x;x;x;x;x;d;d;d;d;d;d;
20e43654d9c874d5b1c88f7d66f4ecb01a48b749;d;d;d;d;x;x;x;x;x;x;x;
21e2b13e2450e35ada9e40d541c200bb275cd666;x;x;x;x;x;d;d;d;d;d;d;
221f4690d1c65d9047f6fa31e9163c7b911415a3;x;x;x;x;d;d;d;d;d;d;d;
2220f21a7c432449877b2034b1d9d51663ee9806;x;x;x;x;x;x;d;d;d;d;d;
225cf8931fa20abe26edf192d16a15899922e3ce;x;x;d;d;d;d;d;d;d;x;x;
2260d4be6052093835e6bcb3b4bcba56ca8c2148;x;x;x;x;x;x;d;d;d;x;x;
22980a52e00000e6813024e0886e5a4746cbe25a;x;d;x;d;x;d;x;x;x;x;x;
22b8b6f2493941089cfc45aa063180f3a2470d64;x;x;x;x;x;x;x;d;x;x;x;
22f7fcde92dc29fd8216340406663c34510e46e8;x;x;x;x;x;d;r;r;r;r;c;
22feb2a553b3bbe6be3762b4df8776f14f32fb66;x;x;x;x;d;d;d;d;d;d;d;
2390b7f5868a06a2f94acb6d7893c91df2a9d77c;x;x;x;x;x;d;x;x;x;x;x;
244922cabeb8b0d9279ba8bf99ae5909f7324a64;d;d;d;d;d;d;d;x;x;d;d;
2490d2ecc2de26fe9aa92d8b63e6bd7794aaef1d;x;x;x;d;d;d;d;d;d;d;d;
2536c0c5b47cda8cb814a077dfe16a818bf3bd38;d;x;x;x;x;x;x;x;x;x;x;
253b4d45304ecc4ad5a1ef32b855989e0f533796;x;x;x;x;x;x;d;d;d;d;d;
25547cc2a3170a2374784c30636027335a481f88;x;x;x;x;x;x;x;d;x;x;x;
258e7bc02cc1bbbb39f596612d4b9a6718b8ddb2;x;x;x;x;x;x;x;d;d;x;x;
259a6e4a6dd606f3d673dd8f29cd27f24cff8b2c;x;x;x;x;d;d;d;d;d;d;d;
25a320171af8ed5c81424c88b32232eedf04b9d2;x;d;d;d;d;d;d;x;x;x;x;
25dc2ad50df22877a6c822326b1dd581417c6be3;x;x;d;d;d;x;x;x;x;x;x;
25e08d11e103e54be7ca47b7ad4700aa04b5d316;x;x;x;x;x;x;d;d;x;x;x;
26969fa894aa4ba8b138d642fc7eedafe1cac788;x;x;x;x;x;x;x;d;d;x;x;
26b1e2575006a4c255f720ba4133c315f3b0fe49;d;x;x;x;x;x;x;x;x;x;x;
26b98ce6331038e503939e2bfe9b39be1709b61b;x;x;x;x;x;x;d;d;d;d;x;
2753cc4696396a095eeaed7ad3273dcbd9b11fb9;d;d;x;x;x;x;x;x;x;x;x;
27542be09fdf109ef9200dbe2894a40d39a992f9;x;x;x;x;x;x;x;d;d;d;d;
275ee32d29642e5a758fc2bca134dcdce924780f;x;x;x;x;x;x;x;d;x;x;x;
27681888f1026dae97cafff7251cbf456c0af433;x;x;x;x;x;x;d;d;d;d;d;
279a4a2d9c877a8448eed254e8e6c59954b39668;x;x;x;x;d;d;x;x;x;x;x;
27d00b12f44772976bdaa52acea8b7ae655c4e9c;x;x;d;d;d;d;d;d;d;d;d;
2881294e5042af480f6241e43f30eb71d64e5172;d;d;x;x;x;x;x;x;x;x;x;
28a21b40354aa4d365ac3384352b655094c9ab87;x;x;x;x;x;d;d;d;d;d;d;
28e96ecdd3652e92bdd3c54d47938b6d199b92f7;x;x;x;d;x;x;x;d;d;x;x;
2922441f540ed0e345dcf644e05ef8ada8ca7b9a;x;x;x;x;x;d;d;d;x;x;x;
29e52f6b7c674d608cb94638bd0777b360e3e7fd;x;d;x;x;x;x;x;x;x;x;x;
2a081089df0b2cebb02ff92ab0b8567e9e492006;x;x;x;x;x;d;d;d;d;d;d;
2a6a4257ff28cb0911f9024dfa43c15690c64b9e;x;x;x;x;x;d;d;d;x;x;x;
2a8b53e09016a16d95dfd8d5ff64b9ea1d5bb018;x;x;x;x;x;d;d;x;x;x;x;
2aa8f70237a6b570a4263786be2bd92a3db08c48;x;x;x;x;x;d;d;x;x;x;x;
2ac4239cd6397a9c6f12705336485f16b913b398;x;x;x;x;x;d;d;d;d;d;x;
2ad8b312c17ec316a406b47b05d6887bb84e524d;x;x;d;d;d;d;d;d;d;d;d;
2b3919e0f38f3794a07bd16025b5d3841dbbc68e;x;x;x;x;x;x;x;d;d;d;d;
2b64613d4bb34fd2b433d5d8948e6a3d073b33b8;x;x;x;d;d;d;d;d;d;x;x;
2b69ca4f5f6fb8f556b48aa71e46c1bbe933c7d4;x;x;x;x;x;x;x;d;r;r;r;
2ba84649a584a8815af0a27d8a6d0effcb4c1a87;x;x;x;x;x;x;x;r;r;x;x;
2bb6d31ea868cf61a5939d70992455488e7b4763;x;x;x;x;x;x;x;x;d;d;d;
2bf94e90ba87d701ec30fc3a38b8275610db27db;d;x;x;x;x;x;x;x;x;x;x;
2c42de20f6f6099f318de62ac5c24e72b7a9d9a7;d;d;x;x;x;x;x;x;x;x;x;
2c7197336055dc591d60ace0bb6681bbe0ef4999;x;d;d;d;d;d;d;d;d;x;d;
2ca1202dc78b2964c533ceff9daf9d3848b32cec;x;d;d;d;d;d;d;x;x;x;x;
2cc7c057db9e0920d705d01508bad8d4e1626864;x;x;x;x;x;x;x;x;d;d;d;
2ce90e4729f9c8998e5f383b793f07755739ab3e;x;x;x;x;d;d;d;d;d;d;d;
2d5d681e5b0d80265b1f53b6888760322079f895;x;x;x;x;x;x;d;d;d;d;x;
2d9e7070ab38c71fb4a5ee50280930bcaa141745;x;x;x;x;d;x;x;x;x;x;x;
2da9a9286466580bea8676c432117f29bd7597be;x;x;x;x;d;d;d;x;d;d;d;
2de9da667265121a96dde566b7dc5f8bee37fc20;x;x;x;x;x;x;x;d;d;d;x;
2df6b0251ad0cb4868aa97ad0e935d49485d04e9;x;x;x;d;d;x;d;d;x;x;x;
2e7e768bc1233b1bdde6f1bd0b7d42e76d274403;x;x;x;x;x;x;x;x;d;d;d;
2ef47229da03532f67a3f0b07a1913e7cfd2c099;x;x;x;x;x;x;x;x;d;d;d;
2f099031326aed714ec197d4ab1c8166189c284c;x;x;x;x;x;d;d;x;x;x;x;
2fafc4ca9fa8f3f7c313b2770c5b483d1a9a4f20;x;x;d;d;d;d;d;d;d;d;d;
2fd596f8a0ccaad84029e7a46e1186b2d1842901;x;x;x;x;x;x;x;x;d;d;r;
301d590158b77710b7aed19c375f0bb73705b81a;x;x;x;x;x;d;d;d;d;d;d;
308b6c46e123cdd5806ef9833f8d01239ec9225f;x;x;d;d;d;d;d;d;d;x;x;
30a7953693a07c36b180f3818bbe5dc3b36e935a;x;x;x;x;x;d;x;d;d;d;d;
30d4eb3f4d07ab531a6319f2151bf0929190f8e1;x;x;x;x;d;d;d;d;d;d;d;
30fab14c26e1a6e3ee62320339933c6cb5c3c660;x;x;x;x;x;d;d;d;d;d;x;
31331afff75e5336a9b18b25bc8d614d9ca588fa;d;d;d;d;d;d;d;d;d;x;x;
31b58ec02097a4f8d52de85a79c8eab5e8da9b14;x;x;x;x;x;d;d;d;d;d;d;
321fc00835be68daf6334fa40c864d70ab7918b5;x;x;x;x;x;d;d;d;d;d;d;
3248e121a25b052765376f0aac6b7aaf5368a5c0;x;x;x;x;x;x;d;d;d;d;x;
326040b8efcc971b7e5523eac0f0dde8e15db6b6;x;x;x;x;d;d;x;x;x;d;x;
32b34b7c3569c73cfc393e48fd8877db59f6fa6d;x;x;x;x;x;x;d;d;d;d;d;
32e15738a8adcc2c83c1247845685747b6e726e6;x;d;x;x;x;x;x;x;x;x;x;
32f597d053def5f9a9a3f1afeea5ac1020ab6cb7;x;x;x;x;d;d;d;x;x;x;x;
33070ee81733fe09548b31f2e1a5b46ce1d6e336;x;x;x;x;x;d;d;d;x;x;x;
338feb8dcc00fbc19dc6e35770c8137b4397f5e0;x;x;x;x;x;x;d;d;d;d;d;
33cc08c50677ef566162de98212f09a6a56cb2c8;x;x;x;x;x;x;d;d;d;d;d;
33e75db11f09427c55328a1b16baf3471ee16dcf;x;d;x;x;x;x;x;x;x;x;x;
33f31172fd88d4bf341a9628368726ed5eed75d5;x;x;x;x;x;d;d;d;d;d;d;
3436b2629cec53b8c4ecaf566935d32c6d876923;x;x;x;x;x;x;d;d;d;x;x;
349de6113374ed8e89f2036b46458aabd6422f5d;x;x;d;d;d;d;d;d;d;d;d;
34be7e63946a2ee3eb8c5c4492fe2b101dad3d16;x;x;x;x;x;d;x;d;d;d;d;
35685efdebe8b428e5e9b7aeaf2a9596a2ec29d8;x;x;x;x;x;d;d;d;d;d;d;
359b806f03caa7cdb049585d861f65e662564623;x;x;x;x;x;r;r;d;r;d;x;
35ab5ea50df116451f41a9114c9bd96cbadde22b;x;x;x;x;d;d;d;d;d;x;x;
363c77e62dc2883fe14de31c2708b70cc5ce061a;x;x;x;x;x;d;d;d;d;d;d;
3653d0a73d4b231d01be4b0af21093389a5350c0;x;x;d;d;d;d;d;x;x;x;d;
3667b1c5aab5e372bed0dceaa6b2287b074e0773;x;x;x;x;x;d;d;d;d;d;d;
366da81002cb4fffe9eeff02d310b8190365e2d5;x;x;d;d;d;x;x;d;d;d;d;
367959553a0ac591a4daa943dc912740d3940c58;x;x;x;x;x;x;x;d;d;x;x;
36a98886d1d519c28e8c16ff9bbca21ba84e30cb;d;d;d;d;d;d;x;x;x;x;x;
36fe3513e6a9c97f6823c49a4b72f568393da4ec;x;x;x;x;x;d;d;d;d;d;d;
378157e680c5c6b91d4da4e152e56df8642783f9;x;x;x;x;x;x;d;d;x;x;x;
3783c425bccbccab0f8a13f04e1f1e93ecab606a;x;x;x;x;d;d;d;d;d;d;d;
379e3c8160f54e397b27b3576095d51a5734d47d;x;x;x;d;d;d;d;d;x;r;r;
37d21cba96996469fc6d2479f78d3b12a84b4f5b;x;x;x;x;x;x;d;d;d;x;x;
382edeafa88e0fc4b8846996dc39389754dc1fd4;x;x;x;x;d;x;d;d;d;d;d;
386edab7f9a49e49a238b10d91b566a9d4d78e67;x;x;d;d;d;d;d;d;d;d;d;
38fccca1f416bd59d6579dff7b35b4c8bdadef92;x;x;x;x;x;d;d;x;x;x;x;
39132e33eb228290a042204d0881ba55e4e39bd0;x;x;x;x;x;x;d;x;x;x;x;
39236e56c0c1773f2a89fa68d3c752dcae34f30d;x;x;x;x;x;x;x;d;d;x;x;
39376899b8f7ae9f587d873ca5a2408273e0e52e;x;x;x;x;x;x;x;x;r;d;c;
395931dea4163026df5fdaae3f7b450751c00778;x;x;x;d;d;d;d;d;d;d;x;
395b4adec19ef20e4a993412e97dc53ea1d520f2;x;x;x;x;x;x;x;d;d;d;d;
3993b0df0ea1bd5fd064a5333329acdc2edc5cf9;x;d;x;x;d;x;d;d;d;d;d;
39d620f0e20dde8195cebef5d64b1bac0569fa6e;x;x;x;x;x;d;x;x;x;x;x;
3a0a3b5b945fa34533495cec81ff8ef04a736127;x;x;x;x;x;d;d;x;x;x;x;
3a1b2a8d9b50d57f024c7711677edd508c33da26;x;x;d;x;x;x;x;x;x;x;x;
3b12ec21cc861ec7a829499f5ea4b4d428412332;x;d;d;d;d;d;d;d;d;x;x;
3b2f949cc5ef348214508ac12b54179c3db66889;x;x;x;x;x;x;d;d;d;d;d;
3b6340b18e2b8eef30b28073ceded0792d2f8808;d;x;x;x;x;x;x;x;x;x;x;
3b6cdf48f96e4962730f866c772b9e3203e1bdad;x;x;x;x;x;x;d;d;d;x;x;
3baf99a86217d6fa64db26a656c799e3de6dfc94;x;x;d;x;x;x;x;x;x;x;x;
3c71f0066cef86881a7790db6c8130a77ea72068;d;x;x;x;x;x;x;x;x;x;x;
3c8528a145a2e77e369d16d5ec0d7cef95a5ac09;x;x;d;d;d;d;d;d;d;d;d;
3d17056148512acfd96793b792593d06c8324b11;x;x;x;x;x;d;d;d;x;d;d;
3d44777b29a6a8afeb9666e808ed71d38e410287;x;x;x;x;x;x;x;x;d;x;x;
3d8f7ebe82418e299c16d08474fc414ca9f20ded;x;d;d;d;d;d;x;x;d;x;x;
3d9a52ff9007b8c7dc7ed6a967fc2936a5f9890b;x;x;x;x;x;x;x;x;d;d;d;
3daaf41a283c8bea45b52d23c9113f8a456a41b8;x;x;d;d;d;d;d;x;d;x;x;
3e3c1ea2c5e8ba844ea208236b45db1741bf3473;x;d;x;d;d;d;d;d;d;d;d;
3e6852b7aaa087220503ed9453b8fb86db193c89;x;x;x;x;x;d;d;d;d;d;d;
3ec359c6ef94023ebafd49313a92b6db93935adb;x;x;x;x;x;d;d;d;d;d;d;
3ee3dc064c8f7e0ebd16a2aec42726a9971fe091;x;x;d;x;x;x;x;x;x;x;x;
3ef99854d3d77a56c4201da617dd7d2064a01679;x;x;x;x;x;x;d;d;d;d;d;
3f0896345313b767cf53b2d234f3ad5ef6e51768;x;x;x;x;x;d;x;d;x;x;x;
3f313fde602aada6cdca1b93f44e6683ed3e1850;x;x;x;x;x;x;d;d;d;d;x;
3f4e464eb83a171c7705b8b2c260d049f3a5a833;x;x;x;x;x;x;d;r;c;c;c;
3fafa728ad0a0973d56b5df63a2eb68e616d4e90;x;x;x;x;x;x;d;d;d;d;d;
3fb9ed3bb622a1b0ee4db35ffb2fbef61f73e1bd;x;x;x;x;x;x;x;d;d;d;d;
3febbea604c6cd54601eaf4d86839049205eba15;x;d;d;d;d;d;d;d;d;d;d;
400cc037dc03cf16fcee0e3185dd4d142707e9e3;x;x;x;x;x;d;d;x;d;d;x;
403741ae911d0cee0de876e40481f5495a1d6292;x;x;x;d;d;x;x;x;x;x;x;
4095a26be4faab5596cdc4f0943f090235b8d0d1;d;x;x;d;d;d;d;d;x;x;x;
40abae48888dbe55f6ec5237b3282e68ff45f748;x;x;x;x;x;d;d;d;x;x;x;
40be57bab2fb5a4cf2ca1154be60187a2fa2977b;x;x;x;x;c;c;c;c;c;c;c;
40dc49ea9100cd964f243c37ba5532d0913f89f5;x;x;x;x;x;d;d;d;d;d;d;
41789e3e846e5ea8ec6d0f14983e505c33ffc5fd;x;x;x;d;d;d;d;d;d;d;d;
41ca302f2f4fcae76189e712f83d7a6dcad53428;x;x;x;x;x;x;d;d;d;d;d;
41ec0a4484a2cb98af51a7932f75454a9aa47a4d;x;x;x;x;x;d;x;d;d;d;x;
41f1fdbad34ac95bd1b7a75b8c565ad2359ee247;x;x;x;x;x;x;d;r;c;c;c;
42cdf5e47fb24373bcc5e6a2f8514fddf85656ea;x;d;x;x;x;x;x;x;x;x;x;
42d4532b02136a4739f48729f54795f1c4a622b9;x;x;x;x;x;x;d;d;x;x;x;
42e13086963f94ed1bb7c58daff9f960825ea29d;d;d;d;d;d;x;x;x;x;x;x;
43544b9be785f4723b9fb61eb92dca6fc84aff1f;x;x;x;x;x;x;d;d;d;d;d;
43d86e1714bcd98fbaec68c89e3a7ec25a14b912;x;x;d;x;x;x;x;x;x;x;x;
4492028e282058aa795d7df72d28d2b480b6741c;x;x;d;x;d;d;d;d;d;d;d;
44df04a785c950270293dcb56c09dc646173bdf1;x;x;x;x;x;x;d;d;x;x;x;
44f46cdc510c6b9036bf3a0be6d876a3ab08f57a;x;x;x;x;x;x;d;d;d;x;d;
44f5602f6d9e9693396ee84d8dd6b5a4f7604780;x;x;x;x;x;x;d;d;x;x;x;
453e3baaab20a2c37475c7470a16bb4d6bd5f5b1;x;x;x;x;d;d;d;d;d;d;d;
4546fb451a66cda4390f3be6873fadb16a0f74cf;x;x;x;d;d;d;x;x;x;x;x;
45cf936f97a7e11f2ddf89c87497f4c97f226ae6;x;x;x;x;x;d;d;d;d;d;d;
45f7a0323e6e5bc364e4becb8656089514a53d51;x;x;x;x;x;x;x;x;d;d;x;
46a1e917861a26a70eb9624cd5ad84da5f707eee;x;x;x;x;d;d;d;x;x;d;x;
47482ea559c18bc5a03fefb58fcc0ff5961a5db3;x;d;d;d;d;c;c;c;c;d;d;
482ba0f93675ebc86ef5eced6df1851c1185d233;x;x;x;d;x;d;d;d;d;d;d;
484845060d8b51572c7882833db66b5f0791928c;x;x;x;x;x;x;x;d;d;d;d;
48c185925b171626e8bdfb39617b3642be95351b;x;x;x;x;x;x;x;x;d;d;x;
48d038dbdcd244c690b06bd2e22f5c6d20c16459;x;x;x;x;d;x;x;x;x;d;x;
490e7cf09fc4a2e94852e8ceebbb187d83f154f3;x;x;x;x;x;x;x;d;d;d;d;
494d1a5de287c58db0bc4a946b72135a587feb81;x;x;x;x;x;x;r;d;x;c;c;
497efa1d441b760565b2dd4d1f46e9d34084c3bf;x;x;x;x;x;x;d;x;x;x;x;
49a92a78e227eb3cbc61405e37345b129b902a47;x;x;x;x;x;x;x;d;d;d;x;
49bead0b6ef7ee534c96283f7430766c4074497e;x;x;d;x;x;x;d;d;d;x;x;
49fd61b005772b3957f390ed25634c356ae7df80;x;x;d;d;d;d;d;d;d;d;d;
4a1cdd3955858e5b5da94a023d924d113c143c66;d;d;d;d;d;d;d;d;d;d;d;
4a32c2f459e2b7b2d1f7cbd3de386072b7844240;x;d;x;x;x;x;x;x;x;x;x;
4a4790ee378f5efe251148a932cbcea1a98bb016;x;x;x;d;d;d;x;x;x;x;x;
4b0181b5f22f9737653ea7654f78eb66cef924f9;x;x;x;x;x;x;x;d;d;d;d;
4b4a0c7148055826007cfe94ded824dcedc37cf6;x;x;x;x;d;d;d;d;x;x;x;
4bae77861ee01507f6d3d4647aee459fafd04f2c;x;x;x;x;x;x;x;d;d;d;d;
4bb8536b9a60df0f72baf2e737d8ebc084d706ce;x;x;x;d;x;x;x;x;x;x;x;
4bc41f6239e92eadf436b5c48e60a7312ef94fb0;x;x;x;x;x;x;x;x;d;d;d;
4c033b0da1fdbe4febe3762b8f208c9e9c0e757d;x;x;x;x;x;x;x;x;d;d;d;
4c149cb97ff78166b536af2fad6f865c580f78f8;x;x;x;x;x;x;d;d;x;x;x;
4c78cae8e594d84e91fca78d6ebe0368a37ab95e;x;x;x;d;d;d;d;x;x;x;x;
4c7f7c5abf619a31b0a830dd5b6c7c4ce5ecf29a;d;x;x;x;x;x;x;x;x;x;x;
4cefc5bdfc3ce28e598bfb72a4cc0854cb171fe4;x;x;x;x;x;d;d;x;d;d;x;
4d43da7f6a543deb088053fa84922c6f583d418a;x;x;x;x;x;x;x;x;d;d;d;
4d51d122666019691dcdcffa8ff3f274098fd18a;x;x;x;d;x;x;x;d;d;x;x;
4d95a6d4d27f356357cc28c5d4241ab782463f29;x;x;x;x;x;x;x;r;r;r;c;
4e289ebe60bd7dbd5a2f93560016a32d33daaa9b;x;x;x;x;x;d;d;d;d;d;d;
4e43783cf9f46eafc0c395c8bc7b9cf0b53e6433;x;x;x;x;x;d;d;d;d;d;d;
4e96a793c6dece8ae46d1ae7b06217f0675fc017;x;x;x;x;x;d;x;x;x;x;x;
4ef0a212eab7445591096f08766d5a6b08d6de01;x;x;x;x;x;x;d;d;d;d;d;
4f470375e7534cd48d8e4440bd5cbcce50c11729;x;x;x;x;d;d;x;d;x;d;d;
4f754fffb340c0611e39a6683739162d1a249627;d;d;d;d;d;d;d;d;d;d;x;
5030a3045b98bf09f98aea6ac1b109159583ca57;x;x;x;x;x;x;r;x;x;d;d;
506c908193db12e618f8248ee224e9f40867f413;x;x;x;d;x;x;x;x;x;x;x;
5080957abc48528ae9ba73b97cacbb54cca86bde;x;x;x;x;x;x;d;d;d;d;d;
50bf567d6fe53f444445c4bb6cefd30fae5ebfaa;x;x;x;x;x;x;d;d;x;d;x;
50eae9fc6cde10e71c6fdc4143ad66aa46bfd2af;x;x;x;x;x;x;d;d;d;d;d;
5168a63d938899360175ddd8715e54cb0be57d08;x;x;x;x;x;d;d;d;d;x;x;
516c00e397f2fc2aafdeeaf4d5da3816a8e73a54;x;x;x;x;x;x;x;d;x;x;x;
51781806e6d8bde9c20585fc00b9f5ee4c9039dd;d;d;x;x;d;x;x;x;x;x;x;
51829cf1e53cd6a120b3acbbcc65a71f310553d6;x;x;x;x;x;x;d;d;x;x;x;
51a2e2232fdc3d72fd5fdb52337e7a90faab6c3b;x;x;d;d;d;d;x;x;x;x;x;
5212b75f676fa554111485cf83df4c886166bb02;x;x;x;x;x;x;x;d;d;d;d;
52425284d33b02ea138939532d0edebf734e6145;x;x;x;x;d;d;d;x;x;d;x;
53216f1c055fdb5e082c37edcf8a046ec293f9b5;x;x;x;d;d;d;d;d;d;d;d;
533ea9c9f0782ed8894585de3a897ad45d51a502;x;x;x;x;d;d;d;d;d;x;x;
538e24e7756616d31344ea8e245a66a35529e521;x;x;x;x;x;x;x;d;d;x;d;
53cc1bd89938ecdbf8b8e9a3761bd96e24b8521f;x;x;x;x;d;d;d;d;d;d;d;
53e8e0430725a6962c687e20fdb5bc6326198a3b;x;x;x;x;x;x;x;x;d;d;d;
53f6e677b75e9ef8c1cb437aac7d20096f4fb437;x;d;x;x;x;x;x;x;x;x;x;
5429285c1e77aaf2a138432e74bea6667b2e475b;x;x;x;x;x;d;d;x;x;x;x;
5441163b8bbe3d3fee0dadedb87e1a8b13bbbd42;x;x;x;x;x;x;d;d;d;d;d;
5461c07095565365691014001fff9e137082449c;x;d;d;x;x;x;x;x;x;x;x;
54ffbe2404585c7ad7d7326b8d9bf5554084d76e;x;x;x;x;x;x;x;d;c;c;c;
5557f2359a69be6ea7c3e9aa71d68ec59e358ede;x;x;x;d;d;d;d;d;d;d;d;
55ec9e58cc54bd90e661497846598519469c22b9;x;x;x;x;d;d;d;d;d;d;d;
560e555257586fb3026283d4928a141d2d1504b3;x;d;d;d;x;x;x;x;x;x;x;
56106b0f2187f4c364d208d728aa37d71cc38b1f;x;x;x;x;x;d;d;d;x;x;x;
561d33ebf6f8a178c516581e46013ac967cb7b15;x;x;x;x;x;x;x;x;d;x;x;
5648bebad7cc0079550c5876a363d6c805a68686;x;x;x;x;x;x;d;x;x;x;x;
571b0955847624abba3b87f2f750d13e7e627e2d;x;x;x;x;x;d;d;d;d;d;d;
57474d1ba1967cb50fa0a51d12462943d85e9f4a;x;x;x;x;x;x;x;x;d;d;d;
57d050ebe2579f1e076bdc80cafe4e8219d6a3fc;x;x;x;x;x;d;d;d;d;d;x;
57e6a04f26f9b770476438ee7cd6570c4555cb84;x;x;x;x;x;x;x;x;d;x;x;
5848c0eca9fb20f0675d4a106dda322ed288c057;x;x;x;x;x;x;d;d;d;d;d;
589c342ecf46e148db86bd395957e508fc4297aa;x;d;x;x;x;x;x;x;x;x;x;
58ce736e74e6cff5f9b3e504e2753d3be5622cad;x;x;d;d;d;d;d;d;x;d;x;
58df35ba0b8c1457aafd54fdcfc950a3cc964385;x;x;x;x;x;x;x;x;d;d;x;
591d75cba5547924c5ae7a252d3d24a33e93fe60;x;x;x;x;x;x;x;d;d;d;d;
59453c7cfb8ee6659e2e32a430638f4f36553806;x;x;x;d;d;d;d;d;d;d;d;
599f81ae33b2a851862143e2a977d84481807abf;x;x;x;d;d;d;x;x;x;x;x;
59d0fa643c42d4ce621ae0285b74de6e99314d44;x;x;x;d;x;x;x;x;x;x;x;
59d71bede7bffc18f44cdf8509cfe2ca5b4e440c;x;x;x;x;x;x;x;x;c;c;c;
59e437dff41551a09f57047b0e9178e9a21a0ff0;x;x;x;x;x;d;d;d;d;d;x;
59e86ee037bb984b4ba881d179ef19345920eee3;x;x;x;x;x;x;d;d;d;d;d;
5a13504d3305ceac2249c565c800234ccb09ca4a;x;x;x;x;x;d;d;d;d;x;x;
5a377fddf18936d016ecc6dc5fc647227b8f21dc;x;x;x;d;d;d;d;d;d;x;x;
5a3bf337d5bca83b832ca2a2d1a0e488ba76cea8;x;x;x;d;x;x;x;x;x;x;x;
5a4ca89f699ae373aa84c6d63521e1feae9cd74d;x;x;d;x;d;x;x;x;x;x;x;
5b319cb1309d88247f7ad8e1b71805a4c2f36f6f;x;x;x;x;x;d;d;d;x;d;x;
5b69ebaf727e720c013f6588e54f39ed54ac1027;x;x;x;d;d;x;x;x;x;x;x;
5b6c3c0bd5a5e7b0d3d58db7a7b2e03a24574aca;x;x;x;x;x;d;d;r;r;c;c;
5c4231b793e99ceae6969da73125a5e288145b6f;x;x;x;d;d;r;r;x;d;x;x;
5c6fd4d7f760cec20a144a0da1d641b454563b8a;x;x;d;d;d;d;x;x;x;x;x;
5c835b66ba432196b8a5aae92599d97f640f80fc;x;x;d;d;d;d;d;d;d;d;d;
5cde53f0113daf8b0747f20a2acdd8ffb8442ff6;d;d;d;d;d;x;x;d;x;x;x;
5d11c8a2d29796a65733d605ed070f08f8b9380b;x;d;x;x;x;x;x;x;x;x;x;
5d4c25968e3727d5a1d0b6b8ce72fa237c90f953;x;x;x;x;x;x;d;d;d;x;x;
5d8287378dc880bbe91f12afd73af7487f2d44b5;x;x;x;x;x;x;x;d;r;r;r;
5d9c621f3eb5f3a97d49021384c2ee8d99d12dd0;x;x;x;x;x;d;d;d;d;x;x;
5da55541c4992aba25988dce80fcbdd6519015b2;x;x;x;x;x;x;x;d;d;d;x;
5da844397f65f3997f0764f8a2e052db26fe65ea;x;x;x;x;x;x;x;d;r;d;x;
5dcfafc90194df12abff43362154b517f14595d8;x;x;x;x;r;c;c;c;c;c;c;
5dee095d67bbda04a6da54be875d1b0ef1df45b9;x;x;x;x;x;x;d;d;d;d;d;
5e457d7c0e8212cb59a30404612209c89b7eaef5;x;x;x;d;d;d;d;d;d;d;d;
5f6b0f781e7d76810d6378ed8830f13b929c361c;x;x;x;x;x;d;d;x;d;x;d;
5f76b3bfcf3a06abc243605883b7c99c2b86e8cc;x;x;x;x;x;d;d;x;x;x;x;
5fba329afe69fe239861938c881040fb7d0721a6;x;x;x;x;x;x;d;d;d;d;d;
5fd4ebc0d280a18d9c013877f449273fc1470e97;d;d;d;d;d;d;d;d;d;d;x;
6001304048127da3f4ebfd00a9a19b0d04ba6f14;x;x;x;x;x;x;d;d;x;x;x;
60acc42a4329d3573376031f6a372083e9e15eed;x;x;x;x;x;d;d;d;x;x;x;
60c6c40d75eeed1169aa19ff4307ff0add156685;x;x;d;d;d;d;d;d;d;d;d;
60d0e68e19e2e5c2614baa31d0405ac630bf7ee9;x;x;x;x;x;x;x;d;x;x;x;
60ee38c4f7819119505c9bedf36c382ad70e1d95;x;x;x;x;d;x;d;d;d;d;d;
60f66c84b942af1703e2124021677296aa39360b;x;x;x;x;x;r;r;r;r;c;c;
610344ce2a6b115a16e1df15f7ca45d8f7d9f3ae;d;d;x;x;x;x;x;x;x;x;x;
6115a121018d058f2a2ff2133071eaa1949e8350;x;x;x;x;x;d;d;d;d;d;x;
61455a8903950790574627897b93d4b07fb10516;x;x;x;x;d;d;x;x;x;x;x;
61474d50ac979c62fa53464644ad8d797f627733;x;x;x;x;x;x;x;x;d;d;d;
61755fa934108ae4a4bd93c048c72f3dabe2780f;x;x;x;x;x;d;x;x;x;x;x;
617e7d8e825c1b88aedef623fa39ac3968cfffa5;x;x;x;x;x;x;x;d;d;d;d;
618c4f91cb1a84df4b11259224f2bb34c5aefd5f;x;x;x;x;x;x;d;x;x;x;x;
61a5632b456c451c12e924906fc1b41c2221a750;x;x;x;x;x;d;d;x;r;r;d;
61efb7ca38530149602e7ec7fe9c16586c6ceb93;x;x;x;d;d;d;d;d;d;d;d;
6201de3e6f2345977c8bd7d019659ccd46af883d;x;x;x;x;d;x;x;x;x;x;x;
62160adda2a05d52c5e591631fd63f5106335825;d;d;d;d;x;x;x;x;x;x;x;
630c97b51f9dbd941957528495da34a3c96913d9;x;x;x;x;x;d;d;d;d;d;d;
635d64975c8fc8d6560687655cda32481ff44160;x;d;x;x;x;x;x;x;x;x;x;
6380aebe3779d509e9a80717c72f923a523395c4;x;x;x;x;d;d;d;x;x;d;d;
638734beb0cb2a41c0cba32b202a69a7c9b641d9;x;x;x;x;x;d;d;d;x;x;x;
63b779bfe54e77a33a1b71890d3d9920309198ff;x;x;x;d;d;d;x;x;x;x;x;
63de4109ffe610d4eef3019cd6960c06e79326f5;x;x;x;x;x;d;x;x;x;x;x;
63f4e047e14e826eb38c03f9014fc70037b2156a;x;x;x;x;x;x;d;d;x;x;x;
64bff3088e581befe25c8a7220983c351b4c7ed3;x;x;x;x;d;d;d;d;d;d;d;
652b86814e171a841fafe3a5f9e792672da366ee;x;x;x;d;d;d;d;x;d;d;d;
652f4cdfa770f3de31aa1f4596c0f773ddc6bef1;x;x;x;x;d;d;d;d;d;x;x;
655284a8884628038d2c3053bba45d7338c3ba06;x;x;x;x;d;d;d;d;d;d;d;
659db307f6090793ca4775c560dd4a7da5308b86;x;x;x;x;x;x;d;d;d;d;d;
65b8e1c8562bd45100b5c76101d1f60b219513a8;x;x;x;x;x;d;d;d;d;d;d;
660d785c5e925b2ee63f22efd264d24e3582417a;x;x;x;x;x;d;d;x;d;d;d;
66630139919008541cbf1453bf5f803c672fc627;x;x;x;x;x;d;d;d;d;x;x;
677d0b6274edb05caa08c373a70219f51c63685b;x;x;x;x;x;x;x;d;d;d;d;
6787e56ff3437117244666b4cdcb19cf963f9d3f;x;x;x;d;x;d;x;x;d;x;x;
67e2d91d9672b6fb3ae02ef3b2534577dcc51955;x;x;x;x;x;x;x;d;d;x;x;
68954b7c8413eb37b16e1f08f7c71030858c1607;x;x;x;x;x;d;r;r;r;c;c;
68d7f11442a666f4db612d920b1febb1fe20980e;x;x;x;x;r;c;c;c;c;c;c;
68deec9b76f0387aba56913ad59523840246d844;x;x;x;x;x;x;x;x;d;d;d;
68e37949c3dcb6a8d2f4df56a17d125ecf26de3d;x;x;x;x;d;d;d;x;x;x;x;
68fedaa8ea6a4ce29d1e57468ab91744aae31de4;x;x;x;x;d;d;x;x;x;x;x;
690fb8c418777f24da37aeb450131663e76c4bae;x;x;x;x;x;x;d;c;c;c;c;
69123c25e8c36f9a4368cc85e3a47e9cbc0637a2;x;x;d;d;d;x;x;x;x;x;x;
69f958db79b29d9e4cbb42e992fcda1c03638edb;x;x;x;x;x;x;x;d;x;x;x;
6a17872b0a956f2c119551aaa9c0d6ef45d888d2;x;x;x;d;d;d;x;d;x;x;x;
6a48379f0a36de7c3f6c6459ec424753f843ddf6;d;d;d;d;d;d;d;d;d;d;x;
6a58630aea174f0d63c61b6a6934c40027aa1dc5;d;d;d;x;d;x;d;x;x;x;x;
6a59d40ff662753a160b9261f413e4da92a3eda5;x;x;x;x;x;d;d;d;d;x;x;
6a71494fb7c638646bf0bf3c00199fcff10b38e8;x;x;x;d;d;d;d;d;d;x;d;
6acbf921c3a4b4b1918908c6b824c30317cc618c;x;x;x;x;x;x;d;d;x;x;x;
6ae2aa8eba63c7cdc76dbeb8e9235f1f11fbb8c9;x;x;x;x;d;d;d;x;x;x;x;
6b24b58d6f00e84d246d9f55fdca234c2cea56c4;x;x;d;d;d;d;d;d;d;d;d;
6b61fe2dfb70b4a5bb766b25123b5d81d65f2225;x;x;x;x;x;r;r;x;x;x;x;
6cc1eddce0539a2c967f1470a5301c96d37a839a;x;x;x;x;x;d;d;d;x;d;d;
6cda588453db0e9eeb623d79eeb584d7829f1ca6;x;x;x;x;x;x;d;d;d;x;x;
6ceb87f561df87363421c33fe91236c812dbde02;x;d;d;d;d;d;d;d;d;d;d;
6d00ca5ae24070cdc9e61ce9c0441b62b4001f6c;x;x;x;x;x;x;r;r;r;r;r;
6d45be8097dee48de3ea7f81d145e680e5d517b8;x;d;d;x;x;x;x;x;x;x;x;
6d4df1005eced80aaedde77cad7d82d25c5c56d3;x;x;x;x;d;x;x;x;x;x;x;
6d78fd9c41b9fce64e1c69506cf5d3a5cd9887c3;x;x;x;x;x;d;d;d;d;d;d;
6d8be5a61d4552226a6dddf3a531355e76cb1224;x;x;x;x;x;x;x;x;d;d;d;
6da1f6db38e6d54634a453b64358120154232d35;x;x;x;x;x;x;x;x;d;d;d;
6e1044715ea074a43314826d2c9e6d092fbf41b6;x;x;x;x;x;d;d;d;d;d;d;
6e1238082d7b7db7fb5339d9880fca582c206372;d;d;d;d;d;d;d;d;x;x;x;
6e4c432a906b22041ec1c96050e1e56d72e7c256;x;x;d;d;d;d;d;x;d;d;d;
6e4f61720f3682a28557a314e474edc1bbe40c94;x;x;x;x;x;x;r;r;r;r;r;
6e7dc88f5d5a2ac89a1f01b35617dc19d78440be;x;x;x;x;x;d;d;d;x;x;x;
6e85dc6be96f4444373de29d6c0e9ff2903ed18c;d;d;x;x;x;x;x;x;x;x;x;
6e910f84cbd9fe92be9f99e03d52b68ebe76cd19;x;x;x;x;x;x;d;d;d;d;d;
6e9e55cdd5a24a421bfe73f84138a297429a252d;x;x;x;x;x;x;d;d;d;d;d;
6ed408bcc7e02bc9a05a4c8f4808ef78adafd1f3;x;x;x;x;x;x;d;d;d;d;d;
6f21fe63c4fc6c8076439ee56fb89cbd897cab87;x;x;x;x;c;c;c;c;c;c;c;
6f559cc4499acff9193577d1e38ee98d4c675368;x;d;d;x;x;x;x;x;x;x;x;
6fa5036e9dbc908ace0de14803ae9587a3c3f67d;x;x;x;x;x;r;r;d;x;d;d;
6fe956a0046bfb9087037c9a5c2977de0be5b5bc;x;x;d;d;d;d;x;x;x;x;x;
7016e3b1d90429f8716b954be6028a2638e210aa;x;x;x;r;r;r;r;r;r;r;r;
709dde75f0e063631da0d6ce4d07a067ca11e163;x;x;x;x;x;x;x;x;d;d;d;
70bbc4c4fcf27061c1814dab588eba1cf611029b;x;x;x;x;x;x;x;d;x;x;x;
70fc2e5a79d84092d0e1908d88ca501ebcf20e16;x;x;x;x;x;x;x;r;r;c;c;
712d1dfd36fa874daf35e3ee9800096c507d96e8;x;x;x;x;x;x;x;x;c;c;x;
71c8db0f2d9938ce1aad43d6937ee83aa66a0a39;x;x;d;d;d;d;d;x;x;x;x;
71d0c49adc1b1a3d51fd88b389098e24020f8ca9;d;x;x;x;x;x;d;d;d;d;d;
71db654fded2f093a72f51aedba4fa877368f5c6;x;x;x;x;x;x;x;d;x;x;x;
71f86a5240eb33b1a7da7a57803ae6c9ce9fa301;d;d;d;x;x;x;x;x;x;x;x;
721374f71d1c2c0d062430783fecd333d9ecc009;d;d;x;x;x;x;x;x;x;x;x;
7230626cd79917b08f68b14070401b6acb794503;x;x;x;x;x;x;d;d;d;d;d;
7260012c5657ce55ece0c7e98f5f4132ad95ae2b;d;d;d;x;d;d;d;x;x;x;d;
72989107ee36ff79891e8d4f12b7556de27e26f8;x;x;x;x;x;x;x;d;x;x;x;
72b4cfe6f06b1a48c2354a7fe527d7e0f8e65c8a;x;x;x;x;x;x;d;d;x;d;x;
72c82a99d6f729cd93ee47b472c1d0f6efed6f81;x;x;x;x;x;d;d;d;d;d;d;
72cf28ed0a060f23fcbd91d133663b3c467ae6e8;x;x;x;x;x;x;d;d;d;d;d;
73559de5fa18122d9a8d91793195c0744c7f1b15;x;x;x;x;x;d;d;x;d;x;x;
73eb7ab596551cd0600d9e76acc8f1e6a3bcd4f4;x;x;x;x;x;x;x;d;d;d;d;
7447cba688f0da93c7ca2b5aca0055149f9c4fed;x;x;x;x;x;x;c;c;c;c;d;
7456dd709752b7fa0c7e78e54f8394784dd82dde;x;x;x;x;x;d;d;d;d;x;x;
74986beb98340a187e27b59e25163b779db9563a;x;x;x;x;x;x;d;d;d;d;d;
749ef2406da0b1cc2fda3f079310a75681802426;x;d;d;x;x;x;x;x;x;x;x;
74f19f2eea77e94df9f80dadbe63d9d1b71a24d7;x;x;x;x;d;d;d;d;x;x;x;
75183ab7de6e5c9b959989f0c32decb515e5aa15;x;x;x;x;d;d;d;d;d;d;d;
752776d27d9cd3a99a9680ee020f675818184ba5;x;x;x;x;x;x;d;c;c;c;c;
75d6400d1b34df3044261feda94f00c8100d37ca;x;x;x;x;d;d;d;x;d;d;d;
75f4c00029d1bf8512f986e1ae6551301b1c9c3a;x;x;d;x;x;x;x;x;x;x;x;
76422b4c482339abe1b7203e6e80417c751ff141;x;x;d;x;x;x;x;x;x;x;x;
76e2fdfac61abd311952fe39dffe2cb684a8ea2d;x;x;x;x;d;x;d;d;d;x;d;
775b7806b8146a795895d14c10ce40923c9c0e7a;x;x;x;d;x;x;x;x;x;x;x;
77813f93d307e1e82818319b3c37c7e85e917d63;x;x;x;x;x;x;d;d;d;d;d;
779dd3ba5941ddbcf056cb877f3848bbeb52eb94;x;x;x;x;x;c;c;c;c;c;c;
77a3ce403c97edefb2fd51e0eb317b47f8464a87;x;x;x;x;x;r;r;c;c;c;d;
77bf0be45ab882363742727105a4c738ca615f02;x;x;x;x;x;x;x;d;r;r;r;
77e841baf2919e73466c3530a893190a4632d505;x;x;x;x;x;x;x;d;r;r;c;
781db3c365a863babda9c0895c31de545fa4e576;x;x;x;x;x;r;r;c;c;c;c;
784cf98cb7bb68a1cfab600b18a729b438f5c6fe;x;x;x;x;x;x;x;d;r;r;d;
78735e34412dcab8d61a0d4a2853d7b722808c85;x;x;d;d;d;d;d;d;d;d;d;
78fe92b953cd66f7a2bfc6963c481022c0e4efed;x;x;x;x;x;x;x;x;r;r;c;
7935d260dcc1fa9e2c2d8a1a83980935f2d67d54;x;x;x;d;r;c;c;c;c;c;c;
793d94b1648c3458fe9c5376d043dc4b21be6f4f;x;x;x;x;x;x;r;c;x;x;x;
7972d7506574b7e0079479e3da72094cd842a277;x;x;x;x;d;d;d;d;d;d;d;
799997c552b245ed55fd08feb6257738d69f7509;x;x;x;x;d;d;d;x;x;x;x;
79ad8288e9ca7a1e3d78fa2cb775af7b009dcc81;x;x;x;x;x;d;d;d;d;d;d;
79d7e4ff314c83dd9f106b48e40d28649c0681ee;x;x;x;x;x;d;d;x;d;x;x;
79e498a4b35008f34a2be77cbed859d134dfffbc;x;x;x;x;x;x;d;x;x;x;x;
7a509ce29176a832e4a2e43403f262d1284b3d57;x;x;x;x;x;d;d;x;x;x;x;
7a577ba0f1e17601cb9a3a9de24ddbcaaa65326d;x;x;x;x;d;d;d;d;d;d;d;
7a57bc3d1c098a6fd8e01e15103c3368aedb170e;x;x;x;x;d;d;d;d;d;d;d;
7a81156f285964572850b828dddcd7e1eed2ec18;x;x;x;x;x;d;x;x;x;x;x;
7ac7daf4ef0c3535952e9b7ce522c996874ea53c;d;d;x;x;x;x;x;x;x;x;x;
7aec64db9728675f9a98972f6e74ead419cdf891;x;d;d;x;d;d;x;d;d;d;d;
7b18b347ff8909d19ae8df2a4fc07676a12260bd;x;x;x;x;x;d;x;x;x;x;x;
7b2b42d621002ca81ce9bf75aa422b7661494d23;x;x;x;d;d;d;d;d;d;d;d;
7b2f4125c27b0c75bb71540d41943db19324e215;x;x;x;x;x;r;c;c;c;c;c;
7b63d0fd7692f707fef6302e8f1a2efae7b95d85;x;d;d;d;x;x;d;d;x;x;x;
7b80b90e70a712da83e1a5907724d532fdab0151;x;x;x;d;d;x;d;d;x;x;d;
7b98233f185a99593ef92a98cdcfbf9957a1819a;x;x;x;x;x;d;d;d;d;d;d;
7c0adb71d103dc7be67a19760ef000bea8f2cb05;x;x;x;x;x;x;d;d;d;d;d;
7c0e8efead37a6335297db0c795bf378463887bb;x;x;x;x;x;x;d;r;c;c;c;
7c40edcd1eb772665721e6a205ea1d9480d0b246;x;x;x;x;x;d;d;d;x;x;x;
7ca012dfe6e3750d2ec5a9fc31c66208c4d32463;x;x;x;x;x;x;x;r;d;x;d;
7d11a99c0d58fbcf667e575b7b22caa724544c3b;x;x;x;x;x;d;x;d;d;d;d;
7d5520f201242cc434a31e1e5f6f1d09165ced10;x;x;x;x;x;x;d;x;x;x;x;
7d8c471fad3106615b1543bbe574ed5727e15406;x;x;x;x;x;x;d;x;x;x;x;
7d963dc013b9fd57ac8ab8f0652a9ecda7023392;x;x;x;x;x;x;x;d;d;d;x;
7dfd0c1174c9b7df0015f8d17026ce8bd62e757b;x;x;x;x;x;r;d;r;r;c;c;
7e69ffe54b5269a7d39de991270ecbba391535b6;x;x;x;x;d;d;x;x;x;x;x;
7edf05c05b7608753170f6f6e92655eb2102aeed;x;x;x;x;x;x;x;d;d;d;x;
7f284544e6a41b3cce0c270eef129e8c71365726;x;x;x;x;d;d;x;x;x;x;x;
7f320207c84fc3b95aeee111a5919580c308949c;x;x;d;d;d;d;d;d;d;d;d;
7f634b467f4338d53647663aa199ba39b217f5a7;x;x;x;x;x;x;x;d;d;d;d;
7f94a23b83df918550cf1264fab7f77a4aa6725e;x;x;x;x;x;x;x;x;r;r;c;
7f95b56b5e8b8afcb5ee77fbff7e07eefd6c96a3;x;x;x;x;x;x;x;d;d;d;d;
7faeb2f0307ccc1d3bea750181742a1e482a1c55;x;x;x;x;x;x;d;d;d;d;d;
7fec854e3d2d820a3510aa76a00254cd5eb0b2dc;x;x;x;x;x;d;d;x;x;x;x;
7ffb844728fc08bad572b74267bd3cfe02958e1d;x;x;x;x;x;d;x;d;c;c;c;
8066900eb89eb3ca522931c530118e7a5d45bfba;x;x;x;x;x;d;r;d;x;x;x;
809dca965ef93c2b00b71b6d8facfb99d1edb814;x;x;x;x;x;d;d;d;x;d;x;
80b253766be5885e75e89a447312ead8144d0715;x;x;x;x;x;x;x;x;d;d;x;
81112d487fcd554d85c6ae0268e3d4956ae13038;x;x;x;x;x;d;x;x;x;x;x;
812d6ab06e01a33394cab02cb928dd8533fd16c8;d;d;x;x;x;d;x;x;x;x;x;
8144de6ab3b416e5c457b6f6ba3eb34d89ebf148;x;x;x;x;x;x;x;d;d;x;d;
819238d838f52c451b1cf50f377230b528de4997;x;x;d;d;d;d;d;d;d;d;d;
8220f603a28e7fafb7cd9806f87168927b7dfb8d;x;x;d;x;x;x;x;x;x;x;x;
82257528151bf02a7856294887ab7b86e80f0a14;x;x;x;d;d;x;d;d;d;x;x;
8231aaa5d8a17fd870357be08865e81205e5b808;x;x;x;x;x;x;x;d;x;x;x;
827bc005b8e1d7760fb82931bc898775af2e5d05;x;x;x;x;x;d;d;x;x;x;x;
830d85534ea0a3b71a7a2b26925d922e115be61e;x;x;x;x;x;x;d;x;x;x;x;
8361e5f113fe87432a43dd0a21772441b6ad7d01;d;d;x;d;d;d;d;x;x;x;x;
8378e5d393e3ebcbf389309313852d82263b7e1f;x;d;x;x;x;x;x;x;x;x;x;
837b49495f8b4811153f07cbb46bc443a7d331fe;x;x;d;r;c;c;c;c;c;c;c;
84021660e7a927cd6523c60c511ae3f4711789e5;x;x;x;x;x;x;x;d;d;d;d;
841827fcf5defb7e91908c96e79a707779778c01;x;x;d;d;d;x;x;x;x;d;d;
84759a4d5bced5ebe28ab3689a8ade73a8b9ac2f;x;x;x;x;x;x;x;d;d;x;x;
848f730f641a55d4627ced641b8d7ea4c0454f2c;d;c;c;c;c;c;c;c;c;c;c;
84904c308d884aaaa4cdc872f890eeee40b981a0;x;x;d;d;d;d;d;d;d;d;d;
84d4bd007dcb4523d118e6783f0b2100327411ef;x;x;x;d;d;d;d;d;d;d;d;
851619083e5d900100dbf950c925d3f39937dd11;x;x;x;x;x;x;x;r;c;c;c;
855fcc2a1395b38a2a9ae3b07d5b18a934d746d7;x;x;x;x;d;d;d;d;d;d;d;
85780b2bc35cf9a163dcd586dfd898dc0f9e3d04;x;x;x;x;d;d;x;x;x;x;x;
85bc3d277b908b8ba8e692707c659c22cb40a145;x;x;x;x;x;d;x;x;x;x;x;
85cb6de9106316adbef8023bee2571af7df7f4b8;x;x;d;d;d;r;d;r;x;x;x;
863da3904e0b8ac92cfd24ea948734fda50b5627;x;x;x;x;x;x;x;d;r;r;r;
86ae6942e4ba36edbdbd5708ee9684b6bbf78e11;x;x;x;x;x;x;x;r;r;c;c;
86ddf229bbb07cb925050b427b2dd42f5fda71a3;x;x;x;d;d;d;d;x;x;x;x;
8715a18411335a4056a91e64dd525f81ef45f9e0;x;x;x;x;x;x;r;r;c;c;c;
87381a73063ced5b3db990a174861b1f023fc952;d;x;d;d;d;d;d;d;d;d;d;
87728b669d855710d5521684d9be2445681cd2e3;x;x;x;x;d;d;x;x;x;x;x;
87b35366c8a5a592b15bd03e79bfebd4f0334b39;x;x;x;x;d;d;d;x;d;d;d;
87c7c4dfabad8e174738e7d343e9fb4255f4d294;x;x;x;d;x;x;x;x;x;x;x;
87d524b7a58a94b95ee1cfdf38d4c10e802b6829;x;x;x;x;x;d;d;d;d;d;d;
87fda5bb30e2ee617e20feb40aa49ad44adff4b9;x;d;d;d;d;d;d;x;d;d;d;
8858dd50abd1ed2bbaf255f697ac8d312e94b02b;x;x;x;d;d;d;x;x;x;x;x;
888e4c1724375f5a2ff32d541f77699448b0e1de;x;x;x;x;d;d;d;d;d;d;x;
88a28902435793609decbac07a20279e16ff40d8;x;x;x;x;x;d;d;d;x;x;x;
88ec0a171f7b467ffca7669aad86747bde684014;x;x;x;x;d;d;d;x;x;x;x;
8950c237e215a250e12e476f211de0ec7eac13c3;x;x;x;x;d;d;d;d;x;x;x;
8a328ae58a499acfac85af0b398fedb6dbf6b721;x;x;x;d;d;d;d;d;d;d;d;
8a4cd8022a01e6bcd16a264c5d21dd6567b4826b;x;x;x;x;x;d;r;d;x;x;x;
8a8b7c553546df10e8328498273412efd6700e55;x;x;x;x;x;x;d;x;x;x;x;
8a9126621de2142dcbd67ea79507a7453f1de122;x;x;x;x;x;x;x;d;r;r;x;
8b297a1d9a25f379580bc5b906f0255293d0af51;x;x;d;x;x;x;x;x;x;x;x;
8b65e0d0d1394e93447ae402f715d040e234bdd5;x;x;x;x;x;d;d;d;c;c;c;
8bfe33e682d065543a5454d74673649fe7ca23f1;x;x;x;x;x;x;x;x;d;x;x;
8c4bc3f66cc8be94184745ebe314112aa3eca440;x;x;x;x;x;d;d;d;x;x;x;
8c592f97a063951051555bb05e4d13110628d6e9;x;x;x;x;x;x;x;x;d;d;d;
8c59b7dc0ac74ec923b321f83420acbe1e71f098;d;x;x;x;x;x;d;d;d;d;d;
8c7282cac0cdfed5eadd1fd73cfa20de43b0a1c4;x;x;x;x;x;d;d;d;d;d;d;
8c9188c33565a7a791e76e3bec18d4db301ec4de;x;x;x;x;x;x;x;d;r;d;r;
8d18805cc771e4741806d227837bc26732dafe7f;d;d;d;d;d;x;x;d;x;x;x;
8d383d21fa6d8f79141a88234739d23cb1a8aefb;x;x;x;x;x;x;d;d;d;x;x;
8d4b703e7153d3542f93bdda2f94cba271c2efd1;x;x;x;x;x;x;x;x;d;d;x;
8d8a1e7c1fb8b99ef4f72b6864383a7636700c6b;x;x;x;x;x;x;x;d;d;d;x;
8da83f87b2713d994bfd0cf427f15f9897bfe8fc;x;x;x;x;x;x;x;d;d;d;x;
8db82b2f9d10fd326436aaab272f883d52235f86;x;x;x;x;x;d;d;d;d;d;d;
8dc38a7ccd23d9f7d9bd687ad6ed74316cd3f8fc;x;x;x;x;d;d;x;x;x;x;x;
8ddca1c7d2a76ad9609b080719d7a44c709013d9;x;x;x;x;x;x;x;x;d;r;c;
8de97c3924efd9497fe90d868178e1a865c61f15;d;d;d;d;d;d;d;d;d;d;d;
8df911ef8ff5ca4632fc0d884ebbd88b9691f9e4;x;x;x;x;x;x;r;x;x;x;x;
8dfedcdf8f4113f8032aac6e388d1dbc35e2c6ac;x;x;d;d;d;d;x;x;x;x;x;
8e0a80f9b704a6b3270bab151b23423e14f74cb5;x;x;x;x;x;x;x;d;d;d;d;
8e0c8fcefcacc69b7ad3296eebd9d599b1b8d704;x;x;x;x;x;x;x;d;c;c;c;
8e382540a03a3f6e3705c632f2dadead9f716b5d;x;x;x;x;d;x;x;x;x;x;x;
8e7237bd8ab7dff7f4c19eb08e8b0fdfcba8f9da;x;x;x;x;x;x;x;d;x;d;x;
8e86b2df7761740e1b3077be158dd03735d90f07;d;d;d;x;x;d;x;d;d;d;d;
8e8c6cfcd9e1c43b94b9e4d0a28fb77e9c88e860;x;x;x;x;x;d;x;x;x;x;x;
8e987ae462e175ed38d682604ad86a61f3bd15af;x;x;x;x;x;x;d;d;d;x;x;
8ea125cc3a81d4a8c0057f1d27ba0e213307c7a9;d;d;d;d;d;d;d;d;d;d;d;
8ee3f811344412d4c07ed0a7fcb3020f1afa0a37;x;x;x;x;x;r;r;r;c;c;c;
8f1602b58cb71a3029a13b5fcd44fa84b0bc91bf;x;x;x;x;d;x;x;d;d;d;d;
8f26dc46a2f3c509f022ec03598a2121e2206daf;x;x;x;x;d;x;d;x;x;x;x;
8f5ecafbb6ace8e971ec48a74f2f16a5d9730415;x;x;x;x;x;d;r;c;c;r;c;
8f7d087a7262883315adccd8bb61c7f10f6d30e3;x;x;x;d;x;x;x;x;x;x;x;
8f8ca417a541748c309633c6880d646e2f4b02d8;x;x;x;d;d;d;d;d;d;d;d;
8f9e5cdb1dd3f017c37d8133dae99a9b54bca40f;x;x;d;d;d;d;d;d;d;d;d;
901773a2e3fe62ec07371217ff19a958fdfc7205;x;x;x;x;x;x;d;d;d;d;d;
90d0d8a5095ab6007def7c3adbb9e1dc7649f32f;x;x;x;x;d;d;d;d;d;d;d;
90e8ae913e018fd220a7e33c34ebffc99cf6d534;x;x;x;x;x;x;d;d;d;d;d;
915d090c9dcb8b92299d9d8889e9c2070c7a325f;x;x;x;x;x;x;d;x;x;x;x;
9163d1b5e5d577020a72a8db98df674def67229b;x;x;x;x;x;x;d;d;d;d;d;
91880267344546767bfaf3399ae04626b6d1ad3f;x;d;x;d;d;x;x;x;x;x;x;
91e8840a9cff3f27e64007c02c15bf6fc41b09e9;x;x;x;x;x;x;x;d;d;x;x;
921cbb66eba49483ce12d893bb7da8ca8b66b7c1;x;x;x;x;x;x;x;r;c;c;d;
922585c961847ed5666ca14664acddcb396cd8a1;x;x;x;x;x;d;d;d;x;x;x;
923ed92c8be7a663a3373dc0ddd8197c7b854a10;x;x;x;x;x;x;x;x;d;d;x;
92a0c9ca2ad250a92fbb6db8ac90e8f5ffa82ebe;x;x;x;x;x;x;d;d;d;x;x;
92d0646713b4d0118acbc6ac0eb977b0d7388065;x;x;x;x;x;d;d;d;x;x;x;
9310d1d684576c9b12524c164f363c5abebe0665;d;d;d;d;d;d;d;x;x;d;x;
934f885bce5fe0c5f6ecd6d1cd2635646982157f;d;d;d;d;d;d;d;x;x;x;x;
936fe816676c150883b7bbccf4f54507c31ee20c;x;x;x;x;c;c;c;c;c;c;c;
93bb9ced88143f9de0179f21372967d5dbf54116;d;x;x;x;x;x;x;x;x;x;x;
93d09c3308160c6d07f39f1a9af25632242eeebd;x;x;x;x;x;x;x;x;r;r;d;
93d50bfe7e321ac93aa80858ab51e0fc07432090;x;x;x;x;x;d;d;d;d;d;d;
93ea3b346ace3f5d288f9d46b71db9224db60622;x;d;d;d;d;d;d;d;d;d;d;
93fb44b041debffc22f83a8183155c2770b16c61;x;x;x;x;x;x;d;d;x;x;x;
940f7a447577b51530c38959741f954bc13ef77b;x;x;x;x;x;d;d;d;d;d;d;
945f226f017c8bbdecefa2e72054879e5c009671;x;x;x;d;d;d;d;d;d;d;d;
951cbe3a57aad3b6ba9e1a7c1b11402e7147c354;x;x;x;x;x;x;d;r;r;r;d;
959716f92369b390d42490a57ff47421cbe63fb9;x;x;x;x;x;d;c;c;c;c;c;
959e3a544379288b17d1ebf42ad981de09fde76b;x;d;x;x;x;x;x;x;x;x;x;
95abf08ea49058c7835630a5340c90c4da63da83;x;x;x;x;x;x;x;d;d;d;d;
95ae81e22339fefb41122ddef14cc22c99ecebfb;x;x;x;x;x;x;x;x;d;d;d;
962014209e89c9891ca526427fb3ebff72668af0;x;x;x;d;d;x;d;x;x;x;x;
968e310e8ba4ac4b620d4a48da2b7b6a3753da98;x;x;x;x;x;x;d;x;x;x;x;
9698333a2ee3fe4d3373c7c4a47789e5d4b98341;x;x;x;x;x;x;x;d;d;d;d;
96a2501e79f08ee97aa3be01cb52f8b62b5d48f9;x;x;x;x;x;d;d;d;d;d;d;
96f04243f366f392498d0fd7af64950fb0cb2aba;x;d;d;x;x;x;x;x;x;x;x;
97037ca1f05cb4ad07a5daef3fc315519d6d0600;x;x;x;x;x;d;d;d;d;x;x;
970fb1ce7d4b0ebfc33962eeb602c6fbf5083d22;x;x;x;x;x;x;d;d;d;d;d;
976663734e500711e66fc452d8264444242a4f58;x;d;d;d;d;d;d;x;x;x;x;
980d3e91c5243a88a3a05ab8c95e66aa29b3f929;x;x;x;x;x;d;d;d;d;x;x;
981ba486a3708076eb244e7f636dbc5796dbaf3a;x;x;x;x;d;d;d;x;x;x;x;
9826a44c5672d4df3ae53ece2362437cb3a5e77b;x;x;x;x;x;d;d;d;x;d;x;
98a96ce294faafaaa1a898e89df3586743854d8e;x;x;x;x;x;d;d;d;d;d;d;
98d2ab00117fcdb232da0a3f4b0c0329992d326a;x;x;x;x;d;d;d;d;d;x;x;
98eea8ae3ca318aad7b6803a530bcf68c8545bac;x;x;d;x;d;x;d;d;d;x;x;
9a0ba45f1e92f04ea6df2c803e7ec7e8f50a3210;x;x;x;x;x;x;x;d;x;x;x;
9a1447888d842097bda84b4e5ecc286db973031f;d;d;x;x;d;x;x;x;d;d;d;
9a39b15df2fba953f7d34ad868a4c38d7e2fb598;x;x;x;x;x;x;d;d;r;c;c;
9a3b3daabcefe70567f30b7608d0efd3d20e3e1c;x;x;x;x;x;r;r;x;x;x;x;
9aeb19e8e9c82505efba6335112ca37cceee193a;x;x;x;x;x;x;x;d;d;d;d;
9b10edcd7e8589a3a999e01ecd787f04f66e4a70;x;x;x;x;x;d;d;d;x;x;d;
9b3b6ad30e003213fbed9972b0c9f159d2a3403f;x;x;x;x;x;x;d;d;x;x;x;
9bd91c5701711aad13d7c867919ae916f8f9d1e5;x;x;x;x;x;x;d;d;d;d;d;
9beb5704ea059a0df325529374929cf03740213c;x;x;x;x;d;d;d;d;d;d;x;
9c0788fe75b5d88d118be275d1c9c4ce10d97de3;x;x;x;x;x;x;x;d;d;d;d;
9c1d6fb4aa9f33c2bbbd411b1ade9b9b652c5453;x;x;x;x;x;x;x;d;d;d;d;
9c5191269c1967f4b1d43d1bbd54e04c0269bb87;x;x;x;x;x;c;c;c;r;c;c;
9c581131bacda3d62337e63c96d2a5312d3949a7;x;x;x;x;x;d;r;r;r;r;d;
9c7a4dd6e28d43653b427a9b26dc028595de5fd2;x;x;x;x;x;x;d;d;x;x;x;
9c7c1900425a420bf59f372498d52453a517fbc1;x;x;x;x;x;d;d;d;d;d;d;
9c89ffbb1cadb4142ae381efe7ede3b7e0003bac;x;x;x;x;x;d;d;d;d;x;x;
9cc4de7bd47d1d7379dcb098df48d5ad7cba55d1;x;x;x;x;x;x;x;d;r;c;c;
9d2d42111c4ea269a5c9429ca437e6b1d1aaafc5;d;d;d;x;x;x;x;x;x;x;x;
9d34703e67ddae5ba13d10250939f72c1d99a24a;x;x;x;x;x;d;d;r;x;x;x;
9d7411649cb6f20dee67a54f50fa14dd59ee49d7;x;x;x;x;x;x;r;r;r;c;c;
9d78847ff79ff6b6011620f19d408d242da8143d;x;x;x;x;x;x;x;r;r;r;r;
9d89c2ed06b5d4ce3096c509b0423f4c79f078ca;x;x;x;x;d;d;x;x;d;x;x;
9db0d08e5832ccefd8a3948c4c548e019ebc4834;x;x;x;x;d;d;d;d;d;d;d;
9dc563951289909bb6381f1215777477a3d055ca;x;x;x;x;x;x;x;d;d;d;d;
9dea7bdab567c56655a9ceaf5b84a44562c754c4;x;x;x;x;x;x;x;d;x;x;x;
9e3e4006066e643e95f4e5fb851fa7bafe396bc0;x;x;x;x;x;x;x;d;d;d;x;
9e51d9b25c9f5f9e6b040c1153f197675982ebb0;d;d;d;d;d;x;x;x;x;x;x;
9e6544559008100cceea5b6d8f307a4ab3a6d672;x;x;x;x;x;x;d;d;r;r;c;
9e73b2da18f2f73d0ebeb7cfc3bb1be5c2e0ab23;x;x;x;x;x;x;d;d;d;d;d;
9e874dfe07871c40182847557e1aacd0e68d5248;x;x;x;x;x;d;d;d;d;d;d;
9e8949e38e68bed90da903a929aaaf8e8f93a75a;x;x;x;d;d;d;d;d;d;d;d;
9ea8da15c75fbc148f6b5be650cbd1f712deffa8;x;x;x;x;x;x;x;x;r;d;d;
9eacd8a745d337be7a39653f836f7ac2f7a0293d;x;x;d;d;x;d;d;d;d;d;d;
9eb25a56f8c83275d4aab9f23d11546c73d4bed5;x;x;x;x;x;x;x;x;r;c;c;
9ee1676a491e0e51368b7a0fbdd457dc3e57853b;x;x;x;d;d;d;d;d;d;d;d;
9eee11509d26babed7424805ff1eb733e681259d;x;x;x;x;x;r;r;r;d;x;d;
9ef2b57bdedf2f135306333805453d140616d835;x;x;x;x;x;d;d;x;x;x;x;
9f1dcacb6b60e052d40c9c57e26ed2cae3deb38e;x;d;d;d;x;x;x;x;x;d;x;
9f2430db394431fd753c6b4b32c284a3ab0a69fd;x;x;x;x;d;r;r;r;d;d;r;
9f42e88fc5117a0abac3099ca191bcb4c95217b0;d;d;d;d;d;d;d;d;d;d;d;
9f44af2f421bead1544d88daf8147fef97a75b04;d;d;d;d;x;d;x;d;d;x;x;
9f4e3cc2bb66c7c9fb62518e2d983ded15e3ea36;x;x;x;x;x;x;x;d;d;d;x;
9f8e5343550c636cb0e8b739fbf126ec6b6cb964;x;x;x;x;d;r;r;r;c;c;c;
9ff3a95b0ec11d39d919fa144b56817cd6652ea8;x;x;x;x;d;d;d;x;x;x;x;
a0116e57019efe627583cfee5613cde4888285d4;x;x;x;x;x;d;d;d;d;d;d;
a04301f665be900608328cbea8252b50f73e2ce0;x;x;x;x;d;d;d;x;x;x;x;
a052e4882c4aa5ff460455fa4454cabbcd233d93;x;x;x;x;x;x;x;d;d;d;d;
a07049f2d0156d02e1d9e0a89fb5b7b878da61b9;x;x;x;x;x;x;x;r;c;c;c;
a0803799a8457b97a54ca185a1ea79a6d81d390c;d;x;x;x;x;x;x;x;d;d;d;
a09379520e4cc9b5e410cb746bd6d8fcdd4b523c;x;x;x;x;x;x;d;d;d;d;d;
a0abd32a029a6149075e5e146fb39461fafcb329;x;d;d;x;x;x;x;x;x;x;x;
a0c1ced6293551ea1e4b5517f4f3055c7ec00ff7;x;x;x;x;d;d;x;x;x;x;x;
a0c2943d7dc6ea564bb9f1b739e2664f4c4ecc8b;x;x;x;d;x;x;x;x;x;x;x;
a1568bdd5c81e00cf9b76fe5416ff7addba58e81;x;x;x;x;x;x;d;r;c;c;c;
a1980fbd3f8b41b45da656f19eb5841da1ded612;x;x;d;d;d;d;d;d;x;d;d;
a1b09751131759f47e9ceda7c0e636dfd024812e;x;x;x;x;x;r;r;r;r;r;x;
a1ca174fcae2b018f56416c43b22b4de208cb5cc;x;x;x;x;x;d;r;d;c;c;c;
a1d582de114eb312210215ff4b82ee602f2575a6;x;x;x;x;x;x;x;d;d;d;d;
a1efc4a3d3277f5dd37bc3e39dfda91544fa94c1;d;x;x;x;x;x;x;x;x;x;x;
a1fdd1513ce29e2816be7262aee856f180382786;x;x;x;x;x;x;x;r;c;c;c;
a20aeed18791743871a1a8aaabb12a6bc28eb6e1;x;x;x;x;x;d;d;d;d;x;x;
a213606d70a5af01c680a9c77c997c3f6258ac29;d;d;d;d;d;d;d;d;d;d;x;
a24ab8fa9a19703030b042568f5ac1a139920687;x;x;x;x;x;d;d;d;d;d;x;
a25f4b74b16461d2a6be2e387991ecd9409d5be0;x;x;x;d;d;d;d;d;d;d;d;
a260f2046379de8397b1e68fe10a3ea8feea7e1f;x;x;x;x;x;x;d;x;x;x;x;
a27aa3c4574922551bbb295a9e836d8a88db5330;x;x;d;d;d;x;x;x;r;x;x;
a29773223d30c0d5574c1e58b6980d0c4d56dde4;x;x;x;x;d;d;d;d;d;x;x;
a2b12ca3b91c12d055e91c3796e7a524a6589d9b;x;x;x;x;x;d;d;d;x;d;x;
a3716e61c375e3be0e2228738fff252c820fd671;x;x;d;d;d;d;d;d;d;d;d;
a381d7ca715e6e6d949e17b5e316f1fa23eddd9b;x;x;x;x;d;d;d;d;d;d;d;
a3981be868be9f2ceee4794b9ddc5454ae4fafcb;x;x;x;x;x;x;x;d;d;d;d;
a39fd9b6fafc3ba587723b53d88221f7e45bd308;x;d;d;x;d;x;d;x;d;d;d;
a3a42c3f63be4acf7d02b3264185d3e827b910c6;x;x;x;x;d;d;d;d;d;d;d;
a3b471cf7ab735e36dd5996ea11c6118dced3c8b;x;x;x;x;c;c;c;c;c;c;c;
a42560e5cebd5471f3e9744f6aec6835e2e54abc;x;x;x;x;x;x;x;x;d;d;d;
a49fc96588720967f0b292e6fac636a41fd4e841;x;x;x;x;x;x;x;x;r;d;d;
a4aeab781434b40e8463fae398946a29952a3538;x;x;x;x;d;c;c;c;c;c;c;
a4d874f755373f7ea34563cced0ea4863496f560;x;x;d;d;d;d;d;d;d;d;x;
a50be1dc8c6681af4a0634bee0be256fb29cbcfe;x;x;x;x;x;d;d;d;d;d;x;
a518b518a4522f30d253f4d35effeb22e78b4a49;x;x;x;x;x;x;r;r;c;c;c;
a608484328629e4bfe8fa87235d99d014cf60731;x;x;x;x;d;d;d;d;d;d;d;
a6146888e2557fdb17986e6ff5efb37e686676d6;x;x;x;x;x;x;x;x;r;c;c;
a623d6a467639f5e49903629f72296a8cbc6c794;x;x;x;x;x;d;d;x;d;x;d;
a62a6ad761796048d9bdc2d5d544c184ad38edf7;x;x;x;x;d;d;d;d;d;d;d;
a6a1f48a2c773d42f99957e585f54bdcea618a75;x;x;x;x;x;d;x;x;x;x;x;
a6a4f1ee4d43ae7c5c9d0a363d10015d9bca4540;x;x;x;x;x;x;x;d;d;d;d;
a6b37e79a256723118301f01c0c1c51a565f68f0;x;x;x;x;x;d;d;d;d;x;x;
a6b7d6ba58a3055f3b520a3f696a089fa3127241;x;x;x;x;x;d;d;d;d;d;d;
a6f1c2ad1b06647adf86e297fbf050a440c33198;x;x;x;x;x;x;x;d;d;d;d;
a77dff908c6d4862fe61167c42a8ef9413dffa0c;x;x;x;x;x;x;x;x;d;d;d;
a7d831cd9290f8f94f072fa1125e24a36ab5428f;x;x;x;d;d;d;x;x;x;x;x;
a80e45f2115998517e2a5dfa4efad097c148594a;x;x;d;x;d;d;d;x;x;x;x;
a8187367c9e89bfc9013e9b81333da48dcdb22b8;x;x;x;x;x;d;d;x;x;x;x;
a8331983338f78a39d3b70fb1bf197098eec17a1;x;x;x;d;d;d;d;d;d;x;x;
a87cc202fe40e4405e7c4c3d2456c47bb52a128e;x;x;x;d;d;d;d;d;d;d;d;
a899a0b602f4609e4e7bbb742ad0cd884f8a019d;x;x;x;x;x;x;x;r;r;c;c;
a8ff9045a000f935e36f98bc8ba6eeac3df3b63a;x;x;x;x;r;d;r;c;c;c;c;
a9185ce598524b55ac74cdb02b76375a21da2d73;x;x;x;x;x;x;x;d;x;x;x;
a93878c669b8284b99aac5303f398cdef8a08dcf;x;d;x;x;x;x;x;x;x;x;x;
a94c54df4dfb9ab786b699ea122bf7ec79df046e;x;x;x;x;x;x;d;d;d;d;x;
a94e5edeae9550f444fc580fee43812a96378daa;x;x;x;x;x;x;x;d;x;d;d;
a968c86f3c4b1f8feb9d5fbbd2198c56b99088ff;x;x;x;x;x;x;r;r;c;c;c;
a979896ac77a79a0f01ba8441d0d55281c93b12f;x;x;x;x;x;x;x;d;d;d;d;
a9c9cf1a15ad72328d8b1bf064f0dc7c950040f5;x;x;x;x;x;d;d;d;d;x;x;
a9d87581e8e567cc94512eb3d7227987c6db5568;x;d;d;d;d;d;d;d;d;d;d;
a9e0b7e52fc20fb819883bcc83d761aaeb317f96;x;x;x;x;x;x;x;d;r;c;c;
aa48c6a69ff32848bc0573d600cb979b841d6351;x;x;x;x;x;d;d;r;r;r;c;
aabfa2470dccd37ee1f92f908fba8430b6a12602;x;x;x;x;x;d;d;d;d;d;x;
aaf3eae70cd3897a2c68520e99ccd305bdbce2cd;x;x;x;x;x;x;d;x;x;x;x;
ab02a1bd761a516d1a016f70fe5e5540f711c8dc;x;x;x;x;x;x;x;d;c;c;c;
ab0974a4266a37dbe8c765c94c05bc27baa7e261;x;x;x;x;x;x;d;d;d;d;x;
aba5f429a7c8467d045107e167ac71bea1baf5c5;x;x;x;x;x;d;d;x;x;x;x;
abaa310bb859be41460f31ad8706739976547933;d;d;x;x;x;x;x;x;x;x;x;
abdb4700cfdd2f655ab79ed856339557e3a144d3;x;x;x;x;x;d;d;d;c;c;c;
ac08cfe76a972b65c27bd2a84eea9755e18a8d0b;x;x;x;x;x;x;x;d;c;c;c;
ac1bc998253ab01d2104f1d61199c34ca2264047;x;x;x;x;x;x;x;d;d;d;x;
ac264e7a54252d8e5a879956f1f02bacea34a7eb;x;x;d;d;d;d;x;x;x;x;x;
ac4f20ac42c12341c396d2b43d710aa8f2566b26;x;x;x;x;x;x;x;d;d;d;d;
ac848d16fcae0954624c6ad324c1a5d6455d44df;x;x;x;x;x;d;x;x;x;x;x;
ac94369a7ae847a32957a18f8ff61fd0cc6e0ef3;d;d;d;d;d;d;d;d;x;x;x;
aca0d3cf09b75204a987909ed05f23b6af882428;x;d;d;d;d;x;x;x;x;x;x;
acb60a8d3f3072addd22fdb8bda91510ad4dadf7;x;x;x;x;x;x;d;r;r;r;c;
acccc63121c849b839e7282b4120603b6f1817f5;x;x;d;d;d;x;x;d;x;d;d;
ad80d8ea12ce9099f2ddf0b721695fefccabda4e;x;x;x;x;d;d;d;d;d;d;d;
adac4eba4baab9fd0d4a211ddd75cc71173f6008;x;x;x;x;x;x;x;d;d;x;x;
adbde19b2ac3b3cbb2ec616d5b962dd394484bbb;x;x;x;x;d;d;x;x;x;x;x;
ae1247e5ee6f845a741d8c700291edc253eec4d2;x;x;x;x;x;x;d;r;d;x;d;
ae13264f08b7bf5d7862361dbd2a01b8635f3703;x;x;x;x;x;x;d;d;d;d;d;
ae17720602c0b0458f7db8a8c4c6c37e8ec9416b;x;x;d;d;d;d;d;d;x;d;d;
ae3440689f5c6784c037abd6a22cf1a41997be87;x;x;x;x;d;d;x;x;x;x;x;
ae67f40813564a4adb0c1704b61d0cc684e143ba;x;d;x;x;x;c;x;x;x;r;c;
aeaa9bbea63304f88c05a87205d731c804c26aca;x;x;x;r;c;c;c;c;c;c;c;
aeb20c4a49610c5714d145c021179ee61bf1c9ce;x;x;x;x;x;x;d;d;d;x;x;
aebc4179b631aa0cd7bd4d4c86f19a0366dfb79b;x;x;x;x;d;r;c;c;d;d;x;
aeddb57a07eae6ecea98e138d1712d0b76627ef8;x;x;x;x;x;x;d;d;d;d;d;
af5f62804b5fdac22c4519d0891ca66c44f4e487;x;x;x;d;d;d;d;d;d;d;d;
af831a1ea14a0ed9f7047b732c9ef534609a93bf;x;x;x;d;d;d;d;d;d;x;d;
afac465981a96aa4d43f5a70807a2852531355cf;x;x;x;d;d;d;x;d;x;x;x;
afde1ae52e7c652044d8c3e367f40bdacf9c5c02;x;x;x;x;x;d;d;d;d;d;d;
b053b04d72fd74e03bff56687f3605b6dc4e8cf4;x;x;x;x;x;d;d;d;d;x;d;
b065b3035b8050e72293ce9c3d4b456006ac2b90;x;x;x;x;x;d;r;r;c;c;c;
b09842d44a111c486e61e3a2ab3aa94b3db917de;x;x;x;d;d;d;d;d;d;d;d;
b0a3091e169e6d198297be74954dcf14e7b56a27;x;x;x;d;x;x;x;x;x;x;x;
b0d3f1440f73f6bc6b5e3ea3e0a63bc5988f8da5;x;x;x;x;d;c;c;c;c;c;c;
b1c854696bfc1a9063271c57b73d277ebf458874;x;x;x;d;d;d;d;d;d;d;d;
b214e758ec403384942fda559bd0983a4ad80b4d;x;x;x;x;x;x;r;r;r;c;c;
b2a5264d0d20bbbbd742126c06359d989ebdb483;x;x;x;x;x;x;d;d;d;d;d;
b3e3e290d2213d75860fb349e05b2983840ac841;x;x;x;x;x;x;x;d;d;d;d;
b40db36818fc14389d6165b99656b576c7c536aa;x;x;x;x;x;x;x;d;c;c;c;
b428149dc35bdef996b5766177c9864c30aec842;x;x;x;x;x;x;d;d;d;d;d;
b481cff3bad24ee0ba7694807a5d1b3852a5f418;x;x;x;x;d;d;d;d;x;x;x;
b548a14774be869c8e2bdc430391f1a21fda5e6d;x;x;x;x;x;d;d;d;d;x;x;
b56f3403812ce7f962c6f469810a4ca50d8bbe3b;x;x;x;x;x;x;x;x;r;r;r;
b57223ed6f2f5a602281ffed8cfd5acf8d51cf90;x;x;x;x;x;x;r;d;d;r;x;
b58186e2179e12314d6bf0361eefd0924799f809;x;x;x;x;x;d;d;d;r;d;c;
b5962630b189c86002cff6fc859f392b64e9ca84;x;x;x;x;d;d;x;x;x;x;x;
b5966a1d7562d4664aaad42d3d6460161876bb33;x;x;x;x;d;d;d;d;d;d;d;
b5a5a8e9168283aedd00b6aee8d4a0c2dd2d1175;d;d;d;d;d;d;x;x;x;x;x;
b5b27c01fc79f57fdfab2493bbec89bc7e0422f2;x;x;x;x;x;x;x;d;d;d;d;
b5d45f4724851cc336e61881aa61eb192ec7968f;x;x;x;x;d;r;x;x;x;r;r;
b5e1bbac4f6a68fd3e811a7831270cd87381e52b;x;x;d;x;d;d;d;d;d;x;d;
b5e91cf9e0b0bc4131cfa968454a2de32b7e07d9;x;d;d;d;x;d;x;x;x;x;x;
b5fd16da2095be419de7e8d0715ac736e1ba0145;x;x;x;x;d;d;x;x;x;d;d;
b661e609243931afa80e09c6024d9d84f3b06cc4;x;x;x;x;x;x;d;r;x;x;d;
b6ad7110f15e399bb1e7587a8da76e34f4ed1df4;x;x;x;x;r;c;c;c;c;c;c;
b6ae9beb8fbc6a19cd3f79919f24964aa1cb7e25;x;x;x;x;x;d;d;d;d;x;x;
b6b5b4c45de9e7ef3864db7271374b07ed0bd91a;x;x;x;x;x;x;x;c;c;c;c;
b6e7822e0e0f62dd9eb3f393f45676936742f32a;x;x;x;x;x;d;r;d;d;d;d;
b76ae05ca7facdaa5b738f8962f83b3f95223a0d;x;d;d;d;d;d;d;d;d;d;d;
b7b4b84e051b659cf6f42aee8f93a1b1281d5ebc;x;x;x;x;x;x;x;d;d;d;x;
b7cf91be1a84f87f6f32a66737bb36f152ce7498;d;d;d;x;x;x;x;x;x;x;x;
b7e6afc00042248998e9ca2b4183aa9f0e0e7b02;x;x;x;d;d;d;d;d;d;x;x;
b81ab055aea90e74a88405db0ebcf567dbe9c476;x;x;x;d;d;d;d;d;d;d;d;
b8403c78aafc258090f1f2d31cd5d9e7b4cdc229;x;x;x;x;x;x;x;d;r;r;r;
b865739e10035c21b736ce49c7cd24d14b494128;x;x;x;x;x;x;x;d;x;x;x;
b8b89b8c6f9a8a17cc8db3c4b4dd0566f3370138;x;x;x;x;d;d;d;d;d;d;d;
b906b5d92181ac6b59b04dbcf303ce91eb39031b;x;x;x;x;d;d;d;x;x;x;x;
b90f96782827e6703c7cc8a5f119f5adf6d76f8b;d;x;x;d;d;d;d;d;x;x;x;
b929da5ba1d49f8aad5b9ed8ae5c2f05e03d7a2e;x;x;x;x;x;d;r;r;d;d;x;
b92cf44907e7b444d8a5e9989eca66ec33c9048d;x;x;x;x;x;x;x;r;r;c;c;
b93bd546fbee64f963f8983968a25350e3246563;x;x;x;x;x;x;x;r;r;x;r;
b93e0a8efbd75aec6c6aec9b051ba4b2370e1aa4;x;x;x;x;d;d;d;d;d;d;d;
b9412b5e7905bdc3a3aa32b435d90bdaae477325;x;x;x;x;x;x;x;x;c;c;c;
b9488ab1cd2591f45ab2e44370e20315a437ef38;x;x;x;x;x;x;x;d;d;d;x;
b952c5af33ec645570169773bb5007b5a6c861b5;x;x;x;x;x;x;d;d;x;d;r;
b97dea727de818bfd3c1853da4289627d753e39a;x;x;x;x;x;d;x;x;x;x;x;
b99a4adb3d39b53ef2bd7d1d19df44a505efb31e;x;d;d;d;d;x;x;x;x;x;x;
b9cba656299957357e31358ce56ad6254ce8381d;x;x;x;x;d;d;d;d;d;d;d;
b9f574e48fc93f70fc551fc0bd2f152182bd0980;x;x;x;d;d;d;r;r;r;d;r;
b9f6bd1e150c315608aa7aa35926882503c237e1;x;x;x;x;x;x;r;d;x;d;d;
ba3f4bb903ff52bbc6756212a40253f727251089;x;x;x;x;x;d;d;d;d;d;d;
ba4ccdf57e58241f82c2cae3cb3c90ab057262b4;x;x;x;x;x;d;d;x;x;x;x;
ba56188859af1c981045381c8f0f2f58b6713b93;x;x;x;x;x;d;x;x;x;x;x;
baaf06cfe9dac0590f57724b462e1e17c7cfd3c9;x;x;x;d;d;d;d;d;d;d;d;
babac1af8904734f0bf7eb72bf36ced487bcf0fa;x;x;x;x;x;x;x;x;c;c;c;
babf6ab42d5f0607cd9a4b3c925fb997b6477ba8;x;x;x;x;x;x;x;d;d;d;d;
bae03eaad5e24ce714d691604f8b951e0e873740;x;x;x;x;d;d;d;x;x;x;x;
baff432155223d6fa4dbd822578b7db4dc32a673;x;x;x;x;x;x;x;x;r;x;d;
baffcbf423ca02f2a88961dd81c787ae9de65fd6;x;x;x;x;x;x;d;d;d;x;x;
bb0d9377a30eaad19dc9a9bd4d73470b5eb6d57b;x;x;x;x;x;d;d;d;d;d;d;
bb4297b750ccf219d0b835c0fa99deb575d7ede4;x;x;x;x;x;x;d;d;d;x;x;
bb831a7a8b0ede89edba6369ee1328056dd98329;x;x;x;x;x;x;x;d;r;r;c;
bbdfe1486d938ac1121102e3fab66c9e85158360;x;x;x;x;x;d;d;d;d;d;d;
bc1ce38a183a2dc0a1afd70fa08975714f46f22c;x;x;x;x;d;d;d;d;x;x;x;
bc27693926980f88a7cc8da701a0bf0fcfde8a38;x;x;x;x;x;d;c;c;c;c;c;
bd3d520eb28acc9cc1d601991fa8315a865b8206;x;x;x;x;x;x;x;d;r;c;c;
bd3fffd55e47cb869db030ae0bba8865a7785c9d;x;d;x;x;x;x;x;x;x;x;x;
bd6c339f4bc1d80f4c39b6ba3742c087da21929d;x;x;x;x;x;x;x;x;d;d;d;
bda0a9981a9abae0697f710f689fdf5d63d7c619;x;x;x;x;x;x;x;x;r;r;r;
bda36aa3d3c8f711bdc6bd7a498ec4b9969378ac;x;x;x;x;x;x;r;r;r;r;x;
bdaff47f496496c95760ea35dd7e1aa2794458ce;x;x;d;d;d;d;d;d;d;d;d;
bdd389b2fa4bdb98ea1fc2aee7d6f58b416be7f4;x;x;x;d;x;x;d;c;c;c;c;
be3567b29f4274969559ec1f530a92501e41eefa;x;x;x;x;x;d;d;d;d;x;x;
be573f32a0abcf5a10b526f55867022bed391829;x;x;x;x;x;x;x;x;d;d;d;
be7b5715e25bb0337a17417e293c522592adf1a9;x;x;x;x;x;x;x;d;d;x;x;
beba92ba75e449b59b6de9cfb27b7aa384c221ee;x;x;d;d;x;d;d;d;x;x;d;
bec04c8e0a4fccdfe09bd2511ec29d504906281b;x;x;x;x;x;x;d;d;x;x;d;
bed5b11694236a44ae21e94641cc82319be9ec71;x;x;x;x;x;d;x;r;c;c;c;
bf539a3c1928fb15ad073cd64bd2fb9487956d6c;x;x;x;x;x;r;c;c;c;c;c;
bf6ca830df7770142ee9f012d8fd144db7d00b28;x;x;x;x;x;d;r;x;x;x;x;
bfa007a68db4799e4c1db114519bc67fdeb009c9;x;x;x;x;r;c;c;c;c;c;c;
bfa8ad03b89861f257c1581d49b5e94d1a2fef59;x;x;x;x;x;d;r;r;c;c;c;
bfb50c00bbd557be04365f38a2b675a6b92cb6ae;x;x;x;x;x;x;d;d;d;x;d;
bfd6194fb1d7650b0a550b51d9331299003fc6c2;x;x;x;x;x;d;d;d;x;d;x;
bfe6dbfd5a26229a77a6424bb52f3f818918e379;x;x;x;x;x;r;r;c;c;c;c;
bffd671851ab86e6aed0a22b075b1982bd62f78e;x;x;x;x;x;x;d;d;r;c;c;
c0316d36fa4d8d80940e1c93b1b1351096614861;x;x;x;x;x;x;d;d;d;d;x;
c056b99420c149e1bc88af596881e0876da6373e;d;d;d;d;d;d;d;d;d;d;d;
c05ca65ebb3a9a4230e6c68e46bd8ff7f94509c5;x;x;x;x;x;d;d;d;d;d;d;
c0621608e7ce84868c647ecabcbe9f84999acfed;x;x;x;x;x;x;d;d;x;d;d;
c08043b03fcd35d12297b1713693ecae7069bf8f;x;x;x;d;d;d;d;d;d;d;x;
c091cb08cfa9302b9b7fea5d4420a652d96eb2e6;x;x;x;x;x;x;d;d;x;x;x;
c098d633505a9408d77d022f7e597c3c2e00dff0;x;x;d;d;d;d;d;d;d;x;d;
c110ead938ab96825b0cef6b7332235b107acb02;x;x;x;x;x;d;d;d;x;x;x;
c12752339cb65677da945e02bf40b1d130d25e06;x;x;x;x;x;x;x;d;d;d;d;
c130cd84bef6772fa1fea05e48dfe1d27f0dee7f;x;x;x;x;x;x;x;x;r;r;x;
c18dc435d0dcc5d5b2685c32cd08d5c1840ccf98;x;x;x;x;x;d;d;d;x;x;x;
c1bfd5cd7c9cb3d92358892059100450ab626581;x;x;x;d;d;x;x;x;x;x;x;
c1fe51ea1ba93a5e72b45e7f70ce6e8fb3281cf4;x;x;d;d;d;d;d;d;x;x;d;
c20a2ffb566dcddf26277ec5b23812a1ef4e5907;x;x;x;d;d;d;d;d;x;x;d;
c20c46b85a1aac6dffc16321e3f27269d4cd4668;x;x;x;x;x;x;x;d;x;x;x;
c20f659c364f309b2f5f7b19f33f122b24919f60;x;x;d;d;r;c;c;c;c;c;c;
c21a85b9c5be23c4ed8fa97cbe609107fe941881;x;x;r;d;c;c;c;c;c;c;c;
c25156b5df37b7344917d679d2c5fe777a11fa9a;x;x;x;x;x;r;r;r;d;d;r;
c25159f2f5284c6d9d44665aedaf266c6632b44a;x;d;d;d;d;d;d;d;d;d;x;
c2bc3cd296dde10698fad14e2f7da81141d43ecd;x;x;x;x;d;d;d;d;d;d;d;
c2c4c95b232c1a83f20af4c842a012aecb359c06;x;x;x;x;x;x;d;d;d;d;x;
c31c7c033a0a1e22af122b34e92878a3326c4c5b;x;x;x;x;x;x;r;r;d;x;x;
c31fac892780a688f624ad1436e8fe0934374c9e;x;x;x;x;d;d;d;d;d;d;d;
c32e518c94efbd9fbed3b68192d5b846e81f89b4;x;x;x;d;d;r;d;x;x;x;d;
c378a3adef7ffcc66f3894078ddef4ed4407ac73;x;x;x;x;x;c;c;c;c;c;c;
c37f94b51d8a7b65226f44b99dae383d995d0579;x;x;x;x;c;c;c;r;r;r;r;
c3bff733dc1da1d7f667b747b8a051b66cb0af97;x;x;x;x;x;x;r;r;d;r;r;
c3c3417ccb50aa02cc8b509df1d0b6e152c6dfe5;x;x;x;x;x;d;d;x;x;x;x;
c3f5d82bbec7443e6b9331e20093485b9c19fd10;x;x;x;d;d;d;r;r;r;x;x;
c401d00ce915e99c588bb3ff8f4c0c066940a12c;x;x;x;x;x;x;x;r;r;c;c;
c494c187562984c6817ee4781d22c6e0b79322de;x;x;x;x;x;x;x;x;d;d;d;
c4c8d027700c3c26d3c570a433016b5044481290;x;x;x;x;x;d;r;r;d;d;d;
c4cafa2750529b4181738a47d315e2799b03814a;x;x;x;x;x;r;d;d;d;d;d;
c51716895d597d687ef7f8b6b7652147834e3993;x;x;x;x;x;x;x;d;d;c;c;
c56bca1040d3382ed75f7e31356cae21c3a78398;x;x;x;x;x;x;d;d;d;d;d;
c58719f104ec8287c000e7d09638d03acf220f85;d;x;x;x;x;x;x;x;x;x;x;
c599933cceac3a8445ebb7ecec6630c0576b92d8;x;d;x;x;x;x;x;x;x;x;x;
c5d0e0e36ce09021c0cb0271d3cb5ac258360db9;x;x;x;x;x;d;x;x;x;x;x;
c6109cd04144f923ec36f99f46053beb29044a7d;x;x;x;x;x;x;x;c;c;c;c;
c66707256122697ef4f0f1c8bfd9872a154480df;x;d;x;x;x;d;d;d;c;c;c;
c683503bdb569764c2b1fffdd679571fcdb6ae2a;x;x;x;d;d;c;c;c;c;c;c;
c6987ea25f14f59cc48fca9fff32ad8b0215e14d;x;x;x;x;x;d;c;c;c;c;c;
c6cb65448d7ee2ae6eef6524bf4ec66afb674e96;x;x;x;x;x;d;d;d;d;d;d;
c6d7c2dc64575ecdeb0dabef5883263b3adf927e;x;x;x;x;x;x;x;r;r;r;d;
c6dc99d23dcb0acc3ab001c221204e765c436bbe;x;x;x;x;x;x;x;d;d;d;d;
c6f0f68b787f0a5f47a4277a80ce82bc8201c6d8;x;x;x;x;x;d;d;d;x;x;x;
c6fb30e1c8d8280269fc78490666547fa43f2e1a;x;x;x;x;x;d;d;d;c;c;c;
c70ff370bd70d857870b54643337883a0964f2c2;x;x;x;x;x;x;r;c;c;c;r;
c75cdcf185d2a06bc6cbcb6a5aa9157e6d2b9536;x;x;x;x;x;d;x;d;d;d;d;
c75ce4af5c607a83ca6dbad805846dcbd4656f03;x;x;x;x;d;d;d;d;d;d;d;
c791821edd11321f026593a293521b4068605049;x;x;x;x;x;x;x;r;r;r;x;
c7929577def2a176b6418578b108f695e87517d3;d;x;x;x;x;x;x;d;d;r;c;
c7ddd7958e514483e5867cd7a07235510a5fe290;x;x;x;x;d;x;x;r;r;r;r;
c7f524a4b60e89e3eb124cd79b02a216926ff15e;x;x;x;x;x;x;r;r;r;r;r;
c7fa699dbc90f4a3a548103a49a16b4959c645a6;x;x;x;x;x;x;x;d;r;r;r;
c80eb4e157c8553f5b9d1411d025237e9a10edab;x;x;x;d;d;d;r;r;r;c;c;
c8ebf9be200a95b17b08b20e865ca0543b28d066;x;x;x;x;x;r;r;c;c;c;c;
c9154608eb2b8c9080904d86793323c1109470b0;x;x;x;x;x;x;x;d;d;d;d;
c92f2ed93c7846cf762b5e55392ae7a0d2a3203a;x;x;x;x;d;d;d;d;d;d;d;
c981072237f1b309ecab4c70b6d377a33562d352;x;x;x;d;d;r;r;c;c;c;c;
c989c61555b02d7edcb795e144ad636c73169d76;x;x;x;x;x;d;d;d;d;c;c;
c9bf1cc1440131b3e69a7f792e56e9c205c9a341;x;x;x;d;d;r;c;c;c;c;c;
c9ca85b77879cadec6fe010480f09aaed0f537f9;x;x;x;x;d;r;c;c;c;c;c;
c9dbd3f98f25d24aa2e9270bcf628d9ef467f337;x;x;x;x;x;x;d;c;c;x;x;
ca42180d201cd9ccc97a0ddffdd6650c51398ca8;x;x;x;x;x;r;r;r;c;c;c;
ca566592b43d86d30be543c7156b73f37ab9aa14;x;x;x;x;x;x;c;c;c;c;c;
ca5c0e90c416080c0a85eb58e484c14a1ce25cb0;x;x;x;x;x;x;d;r;c;c;c;
ca8b9b510e8fdfaeefd145bfa1ab1ba95a2de65f;x;x;x;x;x;x;d;d;d;d;x;
ca8da0b43a31d54283e301d0f1f78c4d5f412877;d;d;d;d;x;x;x;x;x;x;x;
cae28e1ba02d34e2a429b62901f5cbd14b424764;x;x;x;x;x;r;r;d;x;x;x;
caf67317f14637f38ba763d71f6059fe3752c054;x;x;x;x;x;d;x;d;x;d;x;
cb2b45b3e490038b054f00a15fb061f038818fd3;x;x;x;x;x;x;d;d;d;d;d;
cb7b671ae63c5f79d28b76bc4afc7d490ff157b7;x;x;x;x;x;x;d;d;x;x;x;
cc553bb4889ebc35e93ed866f61948d4fe258b49;x;d;d;x;x;x;d;d;d;d;d;
cc79ed37be1f585997610dadc08d9b1878883b35;x;x;x;x;x;x;d;x;x;x;x;
cc7ab0e49612150abe9d3dfc39ebc69e62283db7;x;x;x;x;x;x;r;r;r;r;x;
cc7e9d990aec263dd9764a1c1339a8f05ef88264;x;x;x;x;x;x;r;r;d;r;r;
cc9e75c039bafb981f91a29c54a1cdc754d6808e;x;x;x;x;d;d;c;c;c;d;d;
ccf7d5811f0fce22ba4c80f73d884740332acb15;x;x;x;x;x;x;x;d;d;d;x;
cd539434d8ef3883b086a150a9836a08d8231107;x;x;x;x;d;x;d;x;x;x;d;
cd6b6c83c2e2b0b1da1d6ebfbf423b7a168869ee;x;x;x;x;x;x;x;x;r;d;r;
cda140a810353d9c1e8ba273a5ef97f27c053ebe;x;x;x;x;x;x;x;r;r;r;r;
ce5388ebf9d39f87dd527a8cfaf380e2d8fa9217;x;x;x;x;x;x;x;x;d;d;d;
ce89fc8de69899d7b4754cc81389339742e8c01c;x;x;x;x;x;x;x;x;d;x;d;
cea58b75098368474fd3679c3dcbc90ba223d78f;x;d;d;x;x;x;x;x;x;x;x;
cef292561e112674324ce94a537767552e76b1c9;x;x;x;x;x;x;x;d;d;d;d;
cf1cc5d9ba8025c084243ff7f5706243b2644571;x;x;x;x;x;d;d;d;x;x;x;
cf6d93ba8a302a876b48fff12f36e3125f4901f4;x;x;x;x;x;x;x;x;r;r;c;
cf6ff63012efa9af9482db196fb6b60be41aa10d;x;d;x;x;x;x;x;x;x;x;x;
cf7bab9a087de50a479aa8349bb2cb17f2f0ea6c;x;x;x;x;x;x;d;d;x;x;x;
cf805edc0eeba3b666fa6655e5c6381183d75d8d;d;d;c;c;x;d;d;d;x;x;x;
cf8c963c2eccd7f0db3b553718138371f4e50c4b;x;x;x;x;x;x;x;d;d;d;d;
cfcc6004caf6fba3c835ac1f100c3153b0911529;x;x;x;x;x;x;x;d;d;d;x;
cfece9fe862f905045d351a622182c809c5e05f2;x;x;x;x;x;d;d;d;d;x;x;
cfefa6b009607b34540561fb7e8be07fc595259a;x;x;x;x;x;d;d;d;x;d;x;
d00ce74a03440bc04f27ec21a006fc5ad05d3af8;x;x;x;x;d;d;x;x;x;x;x;
d03b86ac34df93e4be118e22ea33d4244611f920;x;x;x;x;x;x;x;x;d;d;d;
d054f0c531df7a7bea6bd45c81482bb4929b45ad;x;x;x;d;d;d;d;d;d;x;x;
d060619bf29c075509172b6a93e25569d17f20a3;x;x;x;x;x;x;r;r;r;c;c;
d075534be903d2d64a134fd6d4e0c4abebfdaa70;x;x;x;x;x;x;d;d;d;x;x;
d0cc1f2e146b4aac06aff032ce802eb6de816d4d;x;x;x;x;d;d;r;r;r;r;r;
d0dc369501e08ca54440449bb30716e512193f93;x;x;x;x;x;d;c;c;c;c;x;
d1124ca5a9e6421abc419b1774bd2fc09a9c715f;x;x;x;x;x;x;d;d;d;d;d;
d1239793e5c4f40c13357bed38846580615d87b0;x;x;x;x;x;d;d;x;x;x;x;
d15c001067f5b45ea6ad2b11f2e909d73be220ff;x;x;x;x;x;d;d;d;d;d;d;
d15eb520b43dd107cb47bc976470e1e0fcfb15a8;x;x;x;x;x;d;c;c;c;c;c;
d17ab1765963e1e0e13a182e77527912adf48cf6;x;x;x;x;x;d;d;d;d;d;d;
d19cb6bef4d461c4500f1387fac2b9689151998a;x;x;x;x;x;x;x;x;r;c;c;
d1ec491002cb6e86a25d04ba5cf226a5d9d04fa0;d;d;d;x;x;x;x;x;x;x;x;
d206b1fd9ffa7233d788d5863c44e4fe092e559d;d;x;d;d;r;r;r;c;c;c;c;
d256df3365f53937a8db9935b854995f44bd47d2;x;x;x;x;x;x;x;r;r;c;x;
d2b48ae1d1ab63b687d47ac3ba58cc7135381602;x;x;x;x;x;d;x;d;r;c;c;
d2cc1cb2a374a62989978e946d57894e901fe1a8;x;x;x;x;x;x;x;c;c;c;c;
d2d7170390d1a4ceb45db230ad7c3defdec98007;x;x;x;x;x;x;d;d;x;d;x;
d30ee8e771aa44a790c59ac734732eecd2816710;x;x;d;d;d;x;d;x;x;x;x;
d31a9822ed45cde62aed37a67b52e3447062b719;x;x;d;d;d;d;x;x;x;x;x;
d35fc1d06ede2fb68920f65d7c9c51dbf10d5c3d;x;x;x;x;x;x;x;r;r;c;c;
d383375e2d5b35f14b4a130ca943a954eeab1751;x;x;x;x;x;x;r;c;c;c;c;
d3d664a7454e61cdaa69ea72c9135c229032759a;x;x;x;x;d;d;d;d;d;d;d;
d3d9e9d8751f4283adc2b998643e0dab6f1596ac;x;x;x;x;x;x;r;r;r;r;r;
d3e0c3b4abe3901da0ec218de1ddf3c8eccf82b3;x;x;x;x;d;d;x;d;x;x;x;
d3f50a1eac4f553f71fa9b59755236ea5d5f80cd;x;x;x;x;d;d;d;x;x;x;x;
d3f52d6b29556d7f2677112f1d35d0c5eff54e6f;x;x;x;x;x;x;x;x;d;d;d;
d3f682d2554b437a910a2606256318e4f02ec166;x;x;x;x;d;d;d;d;d;x;x;
d437784651578b853b9b0036738d99b55fdeaa58;x;x;x;d;d;d;d;x;x;x;x;
d444befba56d3af21b66e0dc05223bb1b25c8d75;x;x;x;x;x;x;x;x;r;r;r;
d45cd772285ab35e3090c05b01c46b75dd7aaef5;x;x;x;x;d;d;d;d;d;x;x;
d49c1c8ab8a3fc904bd742d045a78ce441be7d2e;x;x;x;x;x;x;d;d;r;r;r;
d4c58cff4ab2f473acf0a1bdadc1349e9438f011;x;x;x;x;x;x;d;c;c;c;c;
d4e9081e70cf39612d1b50d4e6fd6b83ca9f2f0d;x;x;x;x;x;d;d;d;d;d;d;
d5672182c28175821290b8ff04053fc472d155fc;x;x;x;x;d;r;c;c;c;c;c;
d5851fd644cebee6a4fb8a2d416c2e8fcbb24408;x;x;x;d;r;c;c;c;c;c;c;
d588c573e0023668c17fa625a823f98adc95bd6d;x;x;x;x;x;x;x;x;d;x;x;
d5e2d53e05c33d0e2fe578174ca01e86da84284c;x;x;x;x;x;x;d;r;c;c;d;
d5e528d3805ab99e8ab7710ede193cb56e02fc9a;x;x;x;x;x;x;d;d;d;d;d;
d5ede44770d52fb1bb30f344271f1c33df373841;x;x;x;x;x;d;d;d;d;x;x;
d5eeaf747ae6a0301385b58cfb379b04aacd1797;x;x;x;x;x;x;d;d;x;x;x;
d607dabe212a2bc1f1e16034c241d0a71fa440dd;x;x;x;x;x;x;x;d;d;d;d;
d6158fed0e32acc8aa3a011ed6794d4193277a8a;x;x;x;x;x;x;d;d;x;x;x;
d62c88efc60046f2a8bb9d1dc620167fc002bb9a;x;x;x;x;x;x;d;r;r;c;c;
d63d5a46cdab4fe0cd5ecfa4c56d41fdad361742;x;x;x;x;x;x;x;r;r;r;d;
d6540164e6d8c4bfc905fd2c9a567526060581bb;x;x;d;d;d;d;d;d;d;d;d;
d684b52f1ca19cde1c1f09fc4ae9a0b13bbf46e4;x;x;x;x;x;d;d;x;x;x;x;
d6c623ba6f0e0298d14214a2a81763b7465adbd1;x;x;x;x;x;x;r;c;c;c;c;
d6f116fbaf19881f06fcfb0958eec64d317867a4;x;x;x;x;x;x;x;x;r;r;c;
d70ba49339dd35879674edeb6d854d9a252a0150;x;x;x;x;x;x;d;x;x;x;x;
d7406a31fd02b27a82b297f7b413dc37c2ab3e52;x;x;x;x;d;d;d;d;d;d;d;
d7648f707eee60e473dd2dfb0e9f06be97cf684e;x;x;d;x;d;d;d;x;x;x;x;
d793fb6a31e09baab7330aa70c453800b54f58a0;x;x;d;r;c;c;c;c;c;c;c;
d7a8bcf7bcb784461fd237f218d32e31b3fb0bd7;x;x;x;r;r;c;c;c;c;r;d;
d7dc09deb542088f77c5eec229e2cb39ea4217a8;x;x;x;x;x;x;x;x;d;d;d;
d7dc1a0008856720098ffbe986eebec796d4d151;x;x;x;x;x;x;x;r;r;r;d;
d7dea3e1c7dc98263c5d0f57e06763585c16b26e;x;x;x;x;x;x;x;x;d;d;d;
d7f686e6d81405416848a28b52e43873c978f734;x;x;d;d;d;d;x;x;x;x;x;
d82a2498f2f4822a21863887b649a2d2c014320d;x;x;x;x;x;x;d;d;r;r;r;
d84b12bc7ee858863207768103877e613d6ee998;x;x;x;x;x;x;x;x;r;r;c;
d85b278961ef62b631fcb7d71a659a3ae69dcc35;x;x;x;x;x;c;c;c;c;c;c;
d878882dc07f7e6eca0f68856225afa1e27dd38d;d;x;x;x;x;x;x;x;x;x;x;
d87ed7204084d40d8217fd9d4c7f0aaa30184e83;x;x;x;x;x;x;r;r;r;c;c;
d8ae39a22fe61a0bde53a0720012c7c8b2596dfc;x;x;x;x;x;x;r;r;r;r;r;
d8b16f8f980cd77f6ee5b046f775c1b035a67565;x;x;x;x;x;x;x;x;d;d;d;
d950e1ec86a3fb6c10423f7344434da8ff5006d5;x;x;x;x;x;x;x;r;x;x;x;
d98168e986d2f9b30c08131c10fa1d29ad5756b3;x;x;x;d;d;d;d;d;d;d;d;
d98646f889036a5296dc2452d3f85dcadbb016e7;x;x;x;x;x;d;x;x;x;x;x;
d9a2776610165e66be715dff5234e89d773369ac;x;x;x;x;x;x;d;c;c;c;c;
d9b03c4b2762cc5eb3b30e262127cbf1d7ba2c3c;x;x;x;x;x;d;d;d;x;x;x;
d9c784da63307c4ce3ed3c3f96ba234ca902b7ba;x;x;x;x;x;d;d;d;d;x;d;
d9d28da866bc5542f728703517e14d80fe702769;x;x;x;x;x;x;x;d;d;d;d;
d9ddafd22c458e11304a18257a0a0b95989ddfb3;x;x;x;x;d;x;x;x;c;c;c;
d9feb2f57d72fd42e6665a951461e51a7be6a62c;x;x;x;x;x;d;d;d;d;d;d;
da160fb6a1b15e021440570bc03b74ec388dca70;x;x;x;x;x;x;x;d;d;d;d;
da41326eac84778f0397de437b9ea02780d67833;x;x;x;x;x;r;c;c;c;x;x;
da74f674a7603da774a486163f4d6599f32bf25e;x;x;x;x;x;x;r;d;c;d;d;
da78199c4e1905d92d5f7f91ea7110a0891899fa;x;x;r;c;c;c;c;c;c;c;c;
da7f06c59c304369ad9cae4da1bfcb2b3a6502be;x;x;r;r;r;c;c;c;c;c;c;
dac25ed8a69914b18e4fc11e0d83d91ca39c200b;x;x;x;x;x;d;d;x;d;d;d;
daf0e8d469ea6102a73d40163f6bed4b4c164f5e;x;x;x;x;x;x;x;d;x;d;d;
db5b3e7f977c2bba9adc88f6f19c24bfb43093fb;x;x;x;x;x;d;x;x;x;x;x;
db6e20be8a55f9c997f3f5c8c2f53e7b3970919c;x;x;x;x;d;c;c;c;c;c;c;
db7299f16694e3203a58906ab720609fbac7284a;x;x;x;x;x;d;c;c;c;c;c;
db8df2917026271b9a91bb49a1a1dc6aa63198c9;x;x;x;x;x;x;d;x;x;x;x;
dbb015a14736c3f445f41318ec9c6e181f88a8ad;x;x;x;x;x;x;x;r;c;c;c;
dbc676913c75fed49220f7c03f017d7a6485bae5;d;d;x;d;d;d;x;x;x;x;x;
dc1ca48d7d496bbc62dcd38f143259a08d9ba18f;x;x;x;d;d;d;d;x;x;d;d;
dc82037a81aa963d3a85b242cd2888efe0a2dcc9;x;x;x;x;x;d;d;d;r;c;c;
dc84325568e8b1f553a21a3efbb82fd6088344cb;x;x;x;x;x;x;x;x;c;c;c;
dc923c4454efd39d80452c5d42c2d70fc341867c;x;x;x;x;x;x;d;d;d;d;d;
dc9779a52a56bdd32be7003439c43428ac9f9c92;x;x;x;x;x;d;d;x;x;x;d;
dcce2bfa71de8e72662ab906e04a2088278e96e8;x;x;x;x;x;x;d;d;d;d;d;
dcf0984d4e2a35d6edc650b37f4aa031951a0817;x;d;x;x;x;x;x;x;x;x;x;
dcf194e55ff778425db8893c00f4d761e5874027;x;x;r;c;c;c;c;c;c;c;c;
dd13199f2266f9a470be5bd388054649643a651d;x;x;x;x;x;d;d;d;d;x;x;
dd3452ba60c27ba80c3d7b3bb3784cf2302cbb5e;x;x;x;c;c;c;c;c;r;c;c;
dd3abab28cc5340b4d2c2a97b7c2da25ad31265b;x;x;x;x;d;r;c;c;d;c;c;
dd4e901852a011ab22df943abe09a70f2de1eff2;x;x;x;x;d;d;x;d;x;x;x;
dda15a4b17dc48f514923d1286d4c65bb49e9945;x;x;x;d;d;d;d;x;x;x;x;
ddab532323171ca7d83477690d6584fa3004902d;x;x;x;x;d;r;r;d;d;r;d;
ddb3c8b5513b1c247dceb06d26d28d2fd80b66f8;x;x;x;d;d;d;d;r;r;r;r;
de249c6ea06300ccab448b5eea42d43832456a45;d;d;x;x;d;x;x;x;d;x;x;
de3affa1b2ca27bc43b79b071cd9471415213a29;x;d;d;d;d;d;x;x;d;x;x;
de9ecb6411b2ca9bb005c0dc63d311068b45536b;x;x;x;x;x;x;d;d;x;x;x;
dec01feb8f3073eb4f53ae8eb805ba5944bed77c;x;x;x;x;x;c;c;c;c;c;c;
dedf9125581c6df3b250d3bdc96679352ee27ed9;x;x;x;d;d;d;x;x;x;x;x;
dedff6965c9405f79702e0fdc30428eb3b8905a6;x;x;x;x;x;x;x;d;d;d;x;
dee0769a14e9880ae3948fe9bd32e253e7ae2386;x;x;x;x;x;d;d;d;d;d;d;
dee0d7f2c04d1000819efa13c3d74f986761e89f;d;d;d;d;d;d;d;d;d;d;d;
dee82ccac0480f3fdf36851a4fc2ac7bc9f1449d;x;x;x;x;x;x;x;d;d;x;x;
def4ada15fd4319ddd1ddf90747d001ac2979f4a;d;x;x;d;d;d;d;d;d;d;d;
defdf765ae0ccd27f631dc1912d10c5ad8bda033;x;x;x;x;x;x;d;d;d;d;d;
defec3a0db8344c6ec5744d9f46d2b1c806d012b;x;x;x;x;x;x;x;d;d;d;x;
df3469e99cb95c7c5deab071ede3bb7894a6718b;x;x;x;x;x;d;d;r;r;r;r;
df377056c52775ccfcce0be6555c832e48a3a9b3;x;x;d;x;r;d;x;x;x;x;x;
df8836055ee68c4ced6ac2843ba30798a45e9ed4;x;x;x;x;d;d;r;r;c;c;c;
df8a07d69f51121a6c12f7ad7d98e98ff477955f;x;x;x;x;x;x;x;d;d;x;x;
df8d34ed2f84fd9cf97b7803b6760200b4dda61d;x;x;x;x;x;x;d;d;d;x;x;
df967b221471aa742fefccef3af69c52495fb566;x;x;x;x;x;x;x;r;c;c;c;
dfb415e336820556a0089331808d4d642846d2ee;x;x;d;d;d;d;x;x;x;x;x;
dfc96be34d2f41de78bd720af19c40c0c2df4def;x;x;x;x;x;x;x;x;r;r;d;
e006ff484801243b33e96ae51293f5b01cae4bef;x;x;x;x;d;d;d;d;r;r;r;
e01e73c05125af075f6bceedc19a1d96852d6733;x;x;x;x;x;d;d;d;d;d;r;
e0421e1b81351fa67df313340bfb522913279bc3;x;x;x;x;x;x;x;d;d;d;d;
e0658af59867ad32b37e83069a1f73e57b81e931;x;x;x;x;d;d;d;d;d;d;d;
e06f4e2c29dc16741da15c035977347b52f5ecf4;x;x;x;x;r;c;c;c;c;c;d;
e070e60111c83983e253776f4fac0bd53ce01f23;x;x;x;x;x;x;d;c;c;c;c;
e083a3daa434f097ae9c92f66322db4cd105a8c6;x;x;x;x;x;d;d;d;d;d;x;
e08964e0b249789e16ea5cd4a4022c4067e378ed;x;x;x;x;x;x;d;d;r;r;c;
e0b2b52eef177da4a80e2d0dd61118700c697c4d;x;x;x;x;x;d;x;x;r;c;c;
e0ca8f8e6ef48264f589fcc57f593c0fd4d5ac20;x;x;x;x;x;d;d;x;d;d;d;
e0d5a644e3438b62b7e02825de0cb13a28a20fba;x;x;x;x;d;c;c;c;c;c;c;
e0eabce763c8013f569e27158197af6d4357ae51;x;x;x;x;x;x;d;d;d;x;x;
e1050b0f09266f6273220b1eaa535fd8fc9f61a1;x;x;x;x;x;d;c;c;c;c;r;
e141b2341a314b4f1ba4159e6700700663cc5bf3;x;x;x;d;d;x;x;x;x;x;x;
e145335bd292301a09b8a48b31d20d6181c54791;x;x;x;x;x;x;x;x;d;d;x;
e16fb5fcbe8047d1d9395361b7789ca82239895f;x;x;x;d;d;x;d;x;x;x;x;
e174cfe01e8d917b885df8e8ca071ee32f9aad09;x;d;x;x;x;x;x;x;x;x;x;
e180639f3f7ecb3996274ecb8f55dfd828057580;x;x;x;x;x;d;r;r;r;r;r;
e1b084f9fddb3d82968d855e6d7f042d0e9979b4;d;d;d;d;d;d;d;d;x;x;x;
e1d7e0f38fbdcab997140d6a6a879d262d180f58;x;x;x;x;d;d;d;d;d;d;d;
e222552245c0bcae1aa6b48548cc1536a096e409;x;x;x;x;x;d;d;d;d;d;x;
e249c0236aba3cac506a0e6f598ab9b052bf9bfe;x;x;x;x;x;x;d;d;x;x;x;
e26c6b93f9c36bc4638612dd3f5fe915b6ac24f5;x;x;x;x;x;d;d;d;d;x;d;
e2746d56b6d468295d806ac5ea5e653eae8035aa;x;x;x;d;d;r;x;x;x;x;x;
e296d4d004e248f2c73ec49191b9790197c22c69;x;x;x;x;x;x;x;x;d;d;x;
e2a1a7033488a0b29a2709afe18dcce99b57589b;x;x;x;x;x;x;x;d;x;x;d;
e2aeafde6c5af4ed12274be0d3ff6ea26d425ffa;x;x;x;x;d;d;d;d;x;x;x;
e2d8f9be81a3c1bd23a0963907be2153fe3dcebb;x;x;d;d;d;d;d;d;d;x;x;
e2f917c35421b6336757a7e47490ce04c1b61db1;d;d;x;d;x;x;x;x;x;x;x;
e2fd5b2dec49fa2c10d73976432a7adadc6e6b89;x;x;x;x;x;x;x;r;c;c;c;
e31fa04da84d891d2b39e419e3a98b282768625a;d;d;d;x;d;x;x;x;x;x;x;
e32155c93bf176c6ea29ec36fa8a6c8b94b0db84;x;x;d;c;c;c;c;c;c;c;c;
e344cae54867622509d39793f9d4caf2cf1878fe;x;x;x;x;d;d;d;d;d;d;d;
e37745f72e5b26b3b57d4483bbc590c64833104b;x;x;d;d;c;c;c;c;c;c;c;
e3bd73e1150812eb0352f1777c0670edda4bdd2e;x;x;x;d;d;d;d;d;d;d;d;
e3cd52e1979c4176be229217791992c0b55d5dae;x;x;x;x;d;c;c;c;c;c;c;
e3d0b1b0b7cac6de03703a18c8cc68cbc5975eb9;x;x;x;x;x;x;x;x;d;d;d;
e3dcd76842965e2a522779759fde66ae86800b46;x;x;x;x;x;x;x;x;r;r;x;
e404dec5253713dd11ffb0ceb68550c4238bebfb;x;x;x;x;x;x;x;x;d;x;x;
e409238342e1e2c39137fa79975706d72dcceb18;x;x;x;x;x;d;r;d;r;d;d;
e41d6c07e97911755e5f3e453e1145d33ad4de33;x;x;x;x;x;x;x;x;r;r;r;
e42d461f1a631e1f5314920f9e6a0e29d5488405;x;x;x;x;x;d;d;d;d;d;d;
e4575d995e3f7be8299be61239b0eb04fb3efd35;x;x;x;x;x;x;x;x;d;d;d;
e45f6b2e4545caefb7c33ee923d1c076aa22aac6;d;d;d;d;d;d;d;x;x;x;x;
e4914af5a9a777aa8cd1cd4456e8c157bbd1291b;x;x;x;x;x;x;d;r;r;r;r;
e4c177bceb346232ca27fb96c1bb5b902e2a1efd;x;x;x;d;d;d;d;d;d;d;d;
e4f0365153bee9eda4fc4cbe3745b5e29fa04d44;x;x;x;d;d;r;r;r;r;c;c;
e50df38aafad6bc01d4bc64bb3aeab06a0bca111;x;x;d;d;x;x;x;x;x;x;x;
e54575ae61c8b7fddc66b9259f40cad6f0e7773d;x;x;x;x;x;x;x;r;r;r;r;
e5506bdb3bee5a6c3e96e20f3e69d7972ee160fc;x;x;x;x;x;r;c;c;d;d;d;
e560f8256748749001868d84d39d52dada74320a;x;x;r;r;r;c;c;c;c;x;x;
e58c1292f98a8c5e23fbbebbc5eebe595462a6ca;x;x;x;x;d;d;d;d;d;d;d;
e5a628fad1f2ba24ba9a84eab5f3e9305685defc;x;x;x;x;x;x;x;r;c;c;c;
e5b673b58dbcc5c2755e4337816ae583d6d75f3d;x;x;x;x;x;d;x;x;x;x;x;
e5e88b84539a4cf6ae1b1b7ea209b5e0c2fdb37e;x;d;d;d;d;d;x;d;x;x;x;
e652764d7cb2fe09db463ece18a1115f667297fb;x;d;d;d;d;d;d;d;d;d;d;
e6b05aeb9374f296f13d30548aa9927c812c7516;x;x;x;x;x;x;d;d;x;x;d;
e6bc5129270ec819ebb92c5858657f4fd42f1dc9;x;x;x;x;d;d;d;x;x;x;x;
e6c1b3969e1750d30522410e039aa15e74cab66b;x;x;x;x;d;d;d;c;d;x;d;
e75a468033b460b51a931f3282bed7e200d13655;x;x;x;x;x;d;r;d;r;r;r;
e77f69942409b3594c4150872e4503b00122b75e;x;x;x;x;x;x;x;x;c;c;c;
e7880d01bfbd6fabcab6e7e5c477b18514b14799;x;x;x;x;x;d;c;c;c;c;c;
e79796bb646aa4f762def2f363e487bf3ea3ef03;x;x;x;x;x;d;c;c;c;c;c;
e7b01ade0f66d5f5c873fa97ffbe148c1bb8c560;x;x;x;x;x;r;c;c;c;c;c;
e7b8f673227b6de07bd813611b9177e717e439ef;x;x;x;d;c;c;c;c;c;x;d;
e7d9fd881e6a81a78595748b9c4fce9de34d172a;x;x;x;x;x;x;x;x;r;r;r;
e7da7a3cd84360e2eb75ee96e2901aff69749b6f;x;x;x;x;x;x;x;r;r;r;c;
e7f40ed784797a403ce5d5d8bd99fb950f514abb;x;x;x;x;x;x;d;c;c;c;x;
e7f7e27396bd76a12e8ee0fceada9681b3f12938;x;d;x;d;d;c;c;c;c;x;x;
e801d91e443123305b04532a49ba5cba1637d61b;x;x;x;x;x;d;x;d;x;d;d;
e8359d96781ce101fad8bb2604fd3782afe2db19;x;x;x;x;x;r;r;r;r;r;c;
e8a97ad736eec738794d8eb03677b507565117c2;x;x;x;x;x;d;d;x;x;x;x;
e8c5481c8e7fdea00247e443422f3b97b726f50f;x;x;d;d;x;x;x;d;d;x;x;
e8fbfe507d1ca733863d05f6bb4eede4f9fcf9b5;x;x;x;x;x;x;r;r;d;d;r;
e90ae1c9f8bd8caac29ebe0b6bf52d348fdd9708;x;x;x;x;x;d;x;d;x;x;x;
e913e3eebce4be5530aeb96081c0bee4e0d82421;x;x;x;x;x;x;x;r;r;d;x;
e92451700733ce3dae61394e43af11a9179db9bd;x;x;x;x;x;x;d;d;d;x;x;
e924708e6660d37e2c09a336d9aefe689c66f369;x;x;d;d;x;x;x;x;x;x;x;
e949d9b2ccff14f71da3c12cdf0d0379c5febbed;x;x;x;d;c;c;c;c;c;d;x;
e950f9b918dcded6e7b2d8a7e45de3b6fb5725ea;x;x;x;x;x;x;x;d;x;x;d;
e96595d431f848ba1f8aafd05db4628b5214800d;x;x;x;x;x;d;x;d;d;x;x;
e97cc336f4cf3a4990886fc348df4be84e074433;x;x;x;x;x;d;x;d;d;x;x;
e9aa37cdd1d3e308957e8d2a2d2cd41cbb0caed4;x;x;x;d;d;d;r;r;r;d;d;
e9b0281afb5d7bace65e8a6f6663c090e467973e;x;x;x;x;x;x;r;r;r;c;c;
e9bd8ef4907c8470c3aa5b6f9158f92feddd7ced;x;x;x;x;x;x;x;x;r;c;c;
e9c312314ea3e28b98586f2ded2be3f279d057c1;x;x;d;d;d;d;d;x;x;x;x;
e9cb6be7d3fc935204058668acfcc12c1b24744b;x;x;x;x;x;x;r;r;d;d;d;
ea46a9429e7cdeb9d908c4b8617fb8150da92409;x;x;x;x;x;x;d;d;d;x;x;
ea6641655c69dedf79f8988415aead1bd096ba9c;x;x;x;d;x;d;d;x;x;d;d;
ea9f6b106e23da0df108aa79c45898a995931d2c;x;x;x;x;x;d;d;d;d;d;x;
eab4f37209201ab4c093bd520d6a783bd5f196d4;x;x;d;d;d;r;d;d;x;x;d;
eac24b4c651fcd65064f8ad0b7f93c57fdd04b0f;x;x;x;x;x;x;x;d;d;d;x;
eae5fffe4bfa3270cb5c7ca477499e1c15b72324;x;x;x;x;x;x;x;d;d;x;x;
eb0012aeb26f937be0b5e011ec168c164983ad0c;x;x;x;x;x;x;x;r;r;c;c;
eb1719b42546294d216fa10db7237dc3e0f21cd2;x;x;x;x;x;x;x;r;r;r;c;
eb1af2b6820d79449fecd0c302545c19068688b8;x;x;x;x;d;d;d;d;d;x;x;
eb37c8c1a1c1a4cb83fac17cf9cc2becff380cd1;x;x;x;d;x;d;d;d;x;x;x;
eb4ccb065bb54b510d82d2608ffab94536ddcc0f;x;x;d;d;d;d;d;x;x;x;x;
eb624fd7d0a9304a562b7b229afd992526f59fb8;x;x;x;x;x;x;r;r;r;c;c;
eb6832270c498162e0f56923fcf7296eb671b9ce;x;x;x;x;x;x;x;x;r;r;x;
eb7343231aece540f062a547e6a46d5d682fe0d1;x;x;x;x;x;x;d;d;r;r;r;
ebd0129c38c2fc7a03043417fca5a01e35002671;x;x;x;x;c;c;c;c;c;x;x;
ebd5cf30f2223fa8e8e866a0c3c2634720a2c1ac;x;x;x;x;x;x;c;c;c;c;c;
ebfca7d05c7a9ce9d67448a4cadeef74325ec01d;x;x;x;x;x;d;r;r;r;x;d;
ec049db3b881b13b6adc1193e9db121885465160;x;x;x;x;d;d;d;d;d;d;d;
ec1167e5ae76b101239522cca0fe06d7f090527f;x;x;x;x;x;x;x;r;c;c;c;
ec7af9a5672f948dfe5e1aa786b56d1183f13287;x;x;x;x;x;x;x;x;r;r;d;
ec92b75d51489321b809a4dad962743bdb94f44d;x;x;d;d;x;d;d;d;d;x;x;
ec9c3e6464a07196ffa29e12cc061c30fd5d0fae;x;x;x;x;x;d;d;d;d;d;d;
ec9e04a26e99fe1c5430f7be174a8de351a9321c;x;x;x;x;r;r;c;c;c;c;c;
ecd0a609beae46b23d5654607783d6d7f357fc98;x;x;x;x;x;x;x;r;r;r;r;
ecd281276bdef20906c1d8751a20a0716709df2d;x;x;x;x;x;d;d;d;d;d;d;
ecf2638383e6ecf03c3d5322859473b41d37da5f;x;x;x;x;x;x;x;r;r;r;r;
ecfb56b2956ada0f20bbf3a231c65265a21a2c2a;x;x;x;x;x;d;d;d;d;d;d;
ed18488720a3ba56e605d48798f0488ddd8efb72;x;x;x;x;x;d;d;x;x;x;x;
ed34d8c3ceda7d7644c8b71a7a2038f1d45735d3;x;x;x;x;x;x;d;d;d;d;d;
ed45d7a45d250f3facc0ad30dd8ecf66b018551b;x;x;x;d;x;x;x;x;x;x;x;
ed61fac543e70b9935fc1409ee6d91484722fda8;d;d;x;x;x;x;x;x;d;r;c;
ed7a68f93c945f472b930bc0fe38a2752cab2bda;x;x;c;c;c;c;c;c;c;c;x;
edb9854738e137767f30bf567a7f8db976aa7157;x;x;x;d;d;d;r;c;c;c;c;
edc256995447e2937610198b021842e77f26a310;x;x;x;x;x;d;r;r;r;c;c;
ede0d5a269f75726cf47618c5826d2beb904df78;x;x;x;x;d;d;d;d;d;d;d;
ee00e9a055134a644189df61d0accad8ef233368;x;x;x;d;x;x;x;x;x;x;x;
ee01d1241111d49aded378f9872a4ae133330e91;x;x;x;x;x;d;d;d;d;d;d;
ee0a742e83541ce77d0e5eadd23a70ec21cb6c11;x;x;x;x;x;x;c;c;c;d;x;
ee2978661fe03e44ce0cc8f2b39dfe3294d21426;x;x;x;x;d;d;d;d;d;x;x;
ee2ae1cc60cf5d543a265df6001cce477df03f30;x;x;x;x;x;d;d;r;x;x;x;
ee963a28499485ee842ecdb0187fdb9637e58fb1;x;x;x;x;x;x;x;r;r;c;c;
eec7016f9974727e87cc3fb3ed5ebda4c9c2ca68;x;x;x;x;d;r;r;r;c;c;c;
eee132baaa24ce719d2304c8965cbabb1da806f1;x;x;x;x;x;x;x;x;r;r;x;
eee99ded5cb3807a68932e654d6e869104885c60;x;x;x;x;x;x;r;r;r;r;d;
eeed45eda95aa8f1a56100793688fd046268356c;d;d;d;d;d;d;x;x;x;x;x;
eef0ea3c911c3fe7e0fb8a0f640755c8711b0320;x;x;x;x;x;x;x;d;d;d;d;
ef00cbaef79a304449178460bcebf2441869a94c;x;x;x;x;x;d;d;r;r;x;d;
ef1d424bc05007e8dd6fb960e223a57cb5eeac48;x;x;x;x;x;d;d;x;x;x;x;
ef27b90a0dc1a156df7d5892cf3635dcada3ed00;x;x;x;x;x;d;x;x;x;x;x;
ef3bc037919ec038121f7547846a797b4d61231e;x;x;x;x;r;r;r;c;c;c;c;
efcc6b7b054010680eb1bc039e532c233e428c4f;d;d;c;c;c;c;c;c;c;c;c;
efd19dae86458cb711a80349e1a31a8e7ef0c96a;x;x;x;x;x;x;d;d;d;d;d;
efdb1572f1690b4f2cfc49ca7989d72ead6752ab;x;x;x;x;x;x;x;x;r;r;d;
f0428495ffbd9a96c45bd64bb42239dd8f775894;x;x;x;x;x;x;c;c;c;c;c;
f0550a2a61f5f492e725866cdbd6d51df2b2cbf8;x;x;x;x;d;d;d;x;x;x;x;
f08796fea5374bb9f9cd385287d352035554461c;x;x;x;x;x;d;d;x;x;d;x;
f093a28d6782ab1a1ebf96c650ae238c2717e4f0;x;x;x;x;x;r;r;r;r;c;c;
f0a7d6dc6e2ab29129ab3770164a715d750202d8;x;x;x;x;x;x;x;d;d;x;d;
f0b7739e37303377d0d2262e0efb65aefca1b85c;x;d;d;x;r;r;r;r;c;c;c;
f0cb8a36acf8a0d23f8065984f3cad16aa2ba1fa;d;d;d;d;d;d;d;d;d;d;d;
f0d69e5bbc91ae33d6bbc3ae1d875e77b0a5cb55;x;x;x;d;d;d;d;d;x;x;x;
f10abca743c1d1b4abdca1cf119ec2f107a12475;x;x;x;x;x;d;d;x;d;d;x;
f143d306e7ff2a9198cfd556a2cbc70a12415d6f;x;x;x;x;x;x;d;d;x;x;x;
f147a70978becec121fd60c518cc774c3c7b4818;x;x;x;x;x;x;d;d;d;d;d;
f165c45a5ec35dd43978bf27ead0d68b68c50b5e;x;x;x;x;d;d;d;d;x;x;x;
f17001c6949343368c416bd23745784016caaace;x;x;x;x;d;d;d;d;d;d;d;
f1840105721a52eab9dc0bbeecee91866342c83d;x;x;x;x;x;r;c;c;c;c;d;
f19af1bec0186e93f7d2ebdc84103aa028c7c6d8;x;x;x;x;x;d;r;r;c;c;r;
f1c000150b99508fa1f120a5ccff1bd750e207f7;x;x;x;x;x;x;x;x;r;r;r;
f1dd609e6d630f3b429248f7d92d68922521c42b;x;x;x;x;d;d;x;x;r;c;c;
f1f2b08146cb56976b5886ce5f7f04d99721a24e;d;d;d;d;d;d;d;d;d;x;x;
f20a41fe67d1af1ed594d25edbf5b27c807e2c34;x;x;x;x;x;x;x;x;r;r;c;
f21073e9ead13f2294dd86f667b2d932b2de8e28;x;x;x;x;d;d;d;d;d;x;x;
f2154d417280ec119dfe9f573846365cc0648e6b;x;x;x;x;x;x;d;d;d;d;d;
f230c2fd6f968eb8c96934c8d09ac07b341599ce;x;x;x;x;x;d;c;c;c;c;c;
f23d50b0aa671691946258302a185ffc62cd043c;x;x;x;x;d;d;d;d;x;x;x;
f275c29eeea04a8fb55de149638e8ccc42a27e09;x;x;x;x;x;x;x;r;r;r;r;
f2d7b49352c290adafaa0a184e79c8a9eb396cf9;x;x;x;x;x;d;r;d;x;d;x;
f2e63c30e80971b314b9a8d21f21965a7c55f1c6;x;x;x;x;x;d;x;x;x;x;x;
f30d4fee911d4c03201d848a9235644df0f33f4b;x;x;x;x;x;x;d;c;c;c;c;
f34ec63d8f5dac3732d2abb67bd768501aab5d14;x;x;x;r;d;d;d;d;d;x;x;
f395b08fe10ecf9facba0598e6194a3cd077ee0a;x;x;x;x;x;x;d;d;d;x;x;
f3a70734d490e3232a0956e5c0ba5842da22087c;x;x;x;x;x;x;x;r;r;r;r;
f3a9e3aec1881eed6e6d0a0314c0a9119488d83e;x;x;x;d;x;x;x;x;x;x;x;
f3ad337ef6ce9706f83ae34d3e42cf7cc1fdd0d8;x;x;x;d;d;d;x;x;x;x;x;
f3b91ec35ee2e053fcd9ba45dd85173237a29657;x;x;x;x;x;x;x;r;r;r;d;
f3bcd5d042f1285017fd918ee2af0cd4b88b4dc1;x;x;x;x;x;d;r;c;c;r;d;
f3eb2aa9d3742952de28b5a9b3a0addd4d83895a;x;x;x;x;x;x;x;d;d;c;c;
f3edb2bc80341100f87004f24fb32dff9d2d972b;x;x;x;x;x;d;d;d;d;d;d;
f40fc279302fa63a9be4ada3d709d43d1c96c501;x;x;x;x;x;d;d;d;d;d;d;
f46f676cbc316a660ab0144f2537831dd6d65bfd;x;x;x;x;x;x;r;r;c;c;c;
f4966972b946f128e2273a203d6483cef8e4fdfe;x;x;d;d;d;d;d;d;d;d;d;
f49c4c57318b3dc38e614f9a184777a81037a3c3;x;x;x;x;x;x;x;d;r;r;c;
f4bdb2aa2ba935bf88cb5a751da905a7fbdab000;x;x;x;x;x;x;x;r;c;c;c;
f5174585d72706ec5ed436cf6b1047d0f7b730ae;x;x;x;x;x;x;x;r;c;c;c;
f519563ef684dd0ae63cdb43bdea9d7e8ad45f22;x;x;x;x;x;x;x;d;c;c;r;
f55e7aa0b8ff5264f6fd13f4facc2c907b436946;x;x;x;x;x;x;x;d;d;d;d;
f5611a9723eec77ca5e081d78794f007cc4ab76c;x;x;x;x;x;x;d;d;x;x;x;
f57be752b6f5dab5ecc621f9d898375b40f5a5df;x;d;x;d;d;x;d;x;x;x;x;
f58b3f12031886a1a7a0e4d0a191bdf862dee81b;x;x;x;x;x;x;x;r;r;r;c;
f590ae71d2281e56541d77ef3cbcef4e8506e67b;x;x;d;c;c;c;c;c;r;r;r;
f598959e3575655d5e188611e20d8f9852235548;x;x;d;r;r;r;r;r;r;d;r;
f59a756af81236b64821d2b9cc1e11da58bbd593;x;x;d;d;x;x;x;x;x;x;x;
f5ba81573927eaddf2bf2098d09c4a95ec6781a4;d;x;x;x;x;x;x;x;x;x;x;
f5bee7bfd948b7335a1425d95f0a99accd2f19ad;x;x;x;x;x;x;x;d;r;d;x;
f5c336015989b13d00844385259d65cf12f5aa3e;x;x;x;x;x;x;d;d;d;x;x;
f5dcaaccc8461c89dff861317a96964e74e96a44;x;x;x;x;x;r;c;c;c;c;c;
f631daf1f684ade171895e7cb4d82d9187d8d282;x;x;x;x;d;d;d;d;d;d;d;
f64ff1dd12085f2bee6d9906d9feecd64e2f7811;x;x;x;x;x;x;d;d;x;x;x;
f6b30039a14f37855ab3cf912343230f41580338;x;x;x;x;x;d;c;c;c;c;c;
f6b84acbb4520a89f66883cf97f53b9b8fce2f4f;x;x;x;x;x;d;x;c;c;c;c;
f6d7676f50aa084877b55c5792c933660940ddf2;x;x;x;x;x;d;r;r;r;c;c;
f72fa3c6e7a2d300d60f7e62339926628cbdb198;x;x;x;x;r;r;r;r;r;r;c;
f746ac3385a9e9e037ba2b78d67981c253be685e;x;c;c;c;c;c;c;c;c;c;c;
f75a93e269cadb6f118b1de16dd2dfba8ac8eb7c;x;x;d;c;d;c;c;c;c;d;c;
f77944700da98da22164f28d97f6a6433cb603be;x;x;x;r;c;c;c;c;c;c;c;
f7942f5ebe4ff47ad61fbe14f4708979ebaae8a2;d;x;x;d;d;d;d;x;x;x;d;
f7b9f60352e8a4e6a8713f4faa0d43ffa8779cc8;x;x;x;x;x;d;d;d;d;x;x;
f7fcc8032edea7999313101d4d1753fa7f498c51;x;x;x;x;x;x;x;x;r;c;c;
f7fe209c5815554a49cad788fe74213238028219;x;x;x;x;r;r;r;r;r;r;r;
f816c6a3d53c57c2f487a9d81baf866542373b1c;x;x;x;x;x;d;x;d;d;d;x;
f81caeb781743350a76fb3c1ec2c629383c7ae4e;x;x;x;x;x;x;d;d;d;x;x;
f8479563cf4794ebb714c8cc3ca20371287b136a;x;x;x;x;x;x;x;x;d;d;d;
f85e62dd4fbad4b2806a0bf2e9fce8762b2ae26a;x;x;d;c;c;c;c;c;c;c;c;
f872e7a934a50f891629bcfaa990f85cdbd1017b;x;x;x;x;d;c;d;r;r;d;c;
f87652b84b1ba7831e1e3a2b2cd68cb62c99e391;x;x;x;x;x;x;d;d;x;x;x;
f88791d1e9d5370ece9cb1c6bf333f0fd19dffd9;x;x;x;x;x;d;d;d;d;d;d;
f88c35dbd1f622ec58f9442514a9d020e75bdc3d;x;d;d;d;x;x;x;x;x;x;x;
f88e366ada9e619b11f60a62cb98abd988bd14d2;x;x;x;x;x;x;d;r;x;x;x;
f8ac1c12976fa61a9bcd27d47ef98e3f084300be;x;x;x;x;x;x;x;d;r;d;r;
f8cf43c3740c2432c4a21a2195ba3a7ca4435941;x;x;x;x;d;d;d;x;x;x;x;
f8e4b519d1953d681fc23a7c8d54384d9e5bb89d;x;x;x;x;x;d;r;r;r;c;c;
f8e5ac9128ce5e2d7df12788a9a2809119a59876;d;d;c;c;c;c;c;c;c;c;c;
f8fa9f4cb775ca00e2ed6bcc98b49ca4df0f4567;x;x;x;x;d;d;x;x;x;x;x;
f9433fc06fcc9bfea7aa5be0ac6b9ad8b23f0fc7;x;x;x;r;d;x;x;x;x;x;x;
f974adb179674f935b799596a3f4fb003b46bba0;x;x;d;d;d;d;x;x;x;x;x;
f99cc33d87eb9c978551cdfef2f66c04a6e57556;x;x;x;x;x;d;d;d;d;d;x;
f9a4c46674fc20d61357b836a715bd77cffe5bda;x;x;x;x;x;d;x;x;x;x;x;
f9bc5f6bcc5b1118665e53fe69fdd234d27335a1;x;x;x;x;x;x;r;r;r;d;d;
f9e4af2dd4cfae9cd928361c180f5ee6a2e70901;x;x;x;x;x;d;d;d;d;d;x;
f9e87a6dbc8411d45fe0b7dfbbbe15bd1c11c0aa;x;x;x;x;d;d;d;d;d;d;d;
fa04d8ee4fe5f88bf6b12d510e3c9c155e8040f6;x;x;x;x;x;r;r;r;c;c;c;
fa1119b665eae757d86741cd63e2bc94c7c8c93a;x;d;d;x;d;d;r;d;d;d;r;
fa153a984be49863492dda885d1d06227eee957d;x;d;d;d;d;d;d;d;d;d;d;
fa53f344abbf849804d122bb8421eab892101c38;d;d;d;d;d;d;d;d;x;x;x;
fa7aef34194998e6589adb369c4a56986fd691e5;d;c;c;c;c;c;c;c;c;c;c;
fa82a9a838c60d72f248c87406f3320bda0225ed;x;x;x;x;x;x;x;d;c;x;x;
faab3ed62ddb62bb4d1f3ff9925945a53b4171e6;x;x;d;d;x;x;x;x;d;r;r;
faaee1ee1a9e1be1449d819b27e17a44e556ff73;x;x;x;d;d;d;d;d;d;d;d;
fab2c0b6987b4dfa7c4aef84b828275c271773d6;x;x;x;x;d;r;c;c;c;r;c;
fabd55de77318f33f138b2a09215204e906542c2;x;x;x;x;x;x;x;x;d;d;d;
fac129b78f8187b80492230304e4fc9993cf3753;x;x;x;d;r;r;r;d;r;c;c;
fad4b3dc636ab9a1a3d7b13b2e4bb078f3e4b095;x;x;x;x;x;x;x;d;r;d;x;
fad9a0ba61d33acc0aa315b9e9db777ab079ed52;x;x;x;x;d;r;c;c;c;c;c;
faf89c3b178a36f17f266171d743790fc6269863;x;x;x;x;x;c;c;r;r;c;c;
faf9a47bd5b1d57288469b303498651d507cb814;x;x;d;d;x;d;d;x;d;d;d;
fafcad72e3ca8ed9ae838570aacd8ccf45f6ecb9;x;x;x;x;x;x;d;x;x;x;x;
fb060e23f448abfbb539d3d51c7143c072c56ad2;x;d;d;r;r;r;x;x;x;x;x;
fb3730c1310a63d228d303d945b66eb959d46299;x;x;x;x;x;x;x;d;x;x;d;
fb56f4be7e186721c4f8c3d58e0665f6ca2f5262;x;x;d;x;x;x;x;x;r;c;x;
fb9352019cf1e18169237996197114d17c3db3e4;x;x;x;x;d;d;d;d;d;d;d;
fbb1cf449319cd334c87cad61bcf6f828e0042ea;x;x;x;x;x;d;d;d;d;d;d;
fbbed6523b2ac2fcbcefc16751329f46cf34bc8c;x;x;x;x;d;r;r;r;r;c;c;
fbd081606daf4f805edc4b0154d784add9c0a557;x;x;x;x;x;d;x;x;x;x;x;
fbd13f902b439be418055c0ea44f53d82f6dfa32;x;x;x;x;x;x;r;x;x;d;x;
fbe3b0c4cf2f8586f2fcde5966da89ab8e6425d0;d;c;c;c;c;c;c;c;c;c;c;
fbe3c8c5d4a3169c2cb70ea333e1c4c0e0951f1f;x;x;x;d;d;d;x;d;x;d;x;
fc36627e112a034fa5fa70646b4245a2d1a548a7;x;x;x;x;x;d;d;d;d;d;d;
fc3818ed7eb8053efb438a6c42c293ad8f7a278c;x;x;x;x;x;x;x;x;r;c;c;
fc47e2c0d0d39224628cd9aa9f3f2cf28e7082c6;d;d;d;d;d;d;d;r;r;r;c;
fc623e0c0e442fd78dfb1033d13ffd9f5ee9733e;x;x;x;x;x;x;x;r;r;r;d;
fc6412c37bd4038dfa2aad92334d83752eee7779;x;x;x;d;d;x;x;x;x;x;x;
fc6944299abc78382bac5bbf8e4131ca3de90c45;x;x;x;x;d;c;c;c;c;c;c;
fc74609eb6b2d36200516739cf6c2b8a375595ee;x;x;x;x;x;x;x;r;r;r;r;
fc7580717811626346a2e588935b5c1108daa94c;x;x;d;d;d;d;d;x;d;d;x;
fc808491c04eaf9ea0ae0a44d10f76c6c884d944;x;x;x;x;x;r;r;x;x;x;x;
fc8aad9c2b9c437fd5e6ad5aacd263d1ae529917;x;x;x;x;c;c;c;c;c;c;c;
fc8ac3cb0951027d0d4d1f2236e97a58a92c18a8;x;x;x;x;x;d;d;d;d;d;d;
fcbb6ceb1146a8ac46665c903a107d157638fefa;x;x;x;x;r;c;c;c;c;c;c;
fcc4e7cb15b0d5d94d2a2a780ee85b60ef3ef5ec;x;x;r;r;c;c;c;c;c;c;c;
fcd5e35b293c5c37567639afa2acd732c8ed07a0;x;x;x;d;d;d;d;d;d;d;d;
fd235a572f54cdd61e9eedd1918cb702cdbd787e;x;x;x;x;r;c;c;c;c;c;c;
fd2e419999f2a0833ab479dca44419e3ff9f4e6a;x;x;x;x;x;x;x;d;d;d;r;
fd44dff0beeead614c891282b4b7403b6336fc40;x;x;d;d;d;d;d;d;d;d;d;
fd4f5587dae7203c784959caa8c7236623ec909d;x;x;x;x;x;d;r;r;r;x;x;
fd61a707041c9b3fd84e65c817b9dab10e27a4cc;d;d;d;d;d;d;d;d;d;d;d;
fd6325ae2f1add7ddb2399430de22664ea138826;x;x;x;x;d;r;c;c;c;c;c;
fd7cfdf819efd4619f3bfc4595b0e1692ee0cafd;x;x;x;x;x;x;x;d;d;d;d;
fd97582ade6fdb9361944234ee66503f454a666a;x;x;x;x;x;x;x;d;r;c;c;
fdd9018629b45144233f0aa283136625625549b9;x;x;x;x;x;x;x;d;d;d;d;
fe016ba4bd6574e2a1314bef146ef136e5e8d61c;x;x;x;x;x;x;x;c;c;c;c;
fe05839169ec077f935214bd4320ae6b88cf8758;x;x;d;d;d;d;d;d;d;d;d;
fe0b28182364593398e5199c8db3a494170a163e;x;x;d;d;d;d;d;d;d;d;d;
fe1b89772f54d7b3bd792e48e7638635b3cfeeb1;x;x;x;d;d;x;x;x;x;x;x;
fe1bf13b53249b9b74dfc122352a18932e709b92;x;x;x;x;x;d;d;d;d;d;d;
fe2e36e0ce041bf8e4c3236574be86f624739a54;x;x;x;x;x;x;x;d;d;d;d;
fe2e7cc767fc87c1d659bfec257e8012565ceb18;x;x;x;x;x;x;x;d;d;d;d;
fe53c0414adf0df073197562aebe42b70531a0d6;x;x;x;x;d;d;x;x;x;x;x;
fe5c0b2dbfdc3cfadcdeff45d2cece11fb7cb2d3;x;x;x;x;c;c;c;c;c;c;c;
fe651a2b7b1eab1db8ec167a9d93832b1a398348;x;x;x;x;x;r;c;c;c;c;c;
fe7b3b23a8820925d4dcb5cb780ae4c5695e8755;x;x;x;x;x;d;d;x;x;x;x;
fea20c74f9ac8a67079fa939dafca85edc0a1c0b;x;x;x;x;x;d;d;d;d;d;d;
fef02aa8c374fc51c90adaf6d546d147eb77216a;x;x;x;x;x;x;d;d;d;x;d;
fefa9a180356612380db84ef909e9418cb9c57e0;x;d;d;d;r;r;r;c;c;c;c;
ff3d7b9d38f735d4752624e28bce9f30cd4f0bd2;x;x;x;x;x;x;x;r;r;c;c;
ff5e80bb82cfe2b5fbfea7cc1c9e59a02a69fe6f;x;x;x;x;d;d;d;d;d;x;d;
ff7d442f9e14eb6c5426a90f219a803e2228f686;x;x;x;x;x;x;x;r;r;r;d;
ff9b26c1fa017448e87cc493d959f3aacb3362f3;x;x;x;x;x;x;r;r;r;c;c;
ff9ed08ba813bee8fdefd0c127712ca25547d8b9;x;x;d;d;x;x;x;x;x;x;x;
ffccc4e8fef86913a6066d9cf010414e997a96c2;x;x;x;x;x;x;x;x;r;c;c;
